{
  "_id": "a57ef064a897c5d104a108b4f65cbccc",
  "nombre": "game-of-emotions-english-ok",
  "data": {
    "node": [
      {
        "key": 1000,
        "name": "Voice",
        "type": "voice",
        "color": "#0020ff",
        "isGroup": false,
        "voice": "en-US_AllisonV3Voice",
        "__gohashid": 0
      },
      {
        "key": 1001,
        "name": "Light",
        "type": "light",
        "color": "#ffa500",
        "isGroup": false,
        "group": "",
        "lcolor": "#ffffff",
        "state": "on",
        "__gohashid": 1
      },
      {
        "key": 1002,
        "name": "Eva_Emotion",
        "type": "emotion",
        "color": "lightcoral",
        "isGroup": false,
        "group": "",
        "emotion": "ini",
        "level": 0,
        "speed": 0,
        "__gohashid": 2
      },
      {
        "key": 1003,
        "name": "Talk",
        "type": "speak",
        "color": "#00ff00",
        "isGroup": false,
        "text": "Hi, I am the robot Eva!",
        "__gohashid": 3
      },
      {
        "key": 1004,
        "name": "Audio",
        "type": "sound",
        "color": "lightblue",
        "isGroup": false,
        "src": "mario-game-intro",
        "wait": true,
        "__gohashid": 4
      },
      {
        "key": 1005,
        "name": "Talk",
        "type": "speak",
        "color": "#00ff00",
        "isGroup": false,
        "text": "Shall we play the emotions game?",
        "__gohashid": 5
      },
      {
        "key": 1006,
        "name": "Eva_Emotion",
        "type": "emotion",
        "color": "lightcoral",
        "isGroup": false,
        "group": "",
        "emotion": "joy",
        "level": 0,
        "speed": 0,
        "__gohashid": 6
      },
      {
        "key": 1007,
        "name": "Audio",
        "type": "sound",
        "color": "lightblue",
        "isGroup": false,
        "src": "mario-start-01",
        "wait": true,
        "__gohashid": 7
      },
      {
        "key": 1008,
        "name": "Eva_Emotion",
        "type": "emotion",
        "color": "lightcoral",
        "isGroup": false,
        "group": "",
        "emotion": "ini",
        "level": 0,
        "speed": 0,
        "__gohashid": 8
      },
      {
        "key": 1009,
        "name": "Talk",
        "type": "speak",
        "color": "#00ff00",
        "isGroup": false,
        "text": "What is your name?",
        "__gohashid": 9
      },
      {
        "key": 1010,
        "name": "Audio",
        "type": "sound",
        "color": "lightblue",
        "isGroup": false,
        "src": "mario-sound1",
        "wait": false,
        "__gohashid": 10
      },
      {
        "key": 1011,
        "name": "Listen",
        "type": "listen",
        "color": "#ffff00",
        "isGroup": false,
        "opt": "",
        "__gohashid": 11
      },
      {
        "key": 1012,
        "name": "Eva_Emotion",
        "type": "emotion",
        "color": "lightcoral",
        "isGroup": false,
        "group": "",
        "emotion": "joy",
        "level": 0,
        "speed": 0,
        "__gohashid": 12
      },
      {
        "key": 1013,
        "name": "Talk",
        "type": "speak",
        "color": "#00ff00",
        "isGroup": false,
        "text": "Very nice!",
        "__gohashid": 13
      },
      {
        "key": 1014,
        "name": "Talk",
        "type": "speak",
        "color": "#00ff00",
        "isGroup": false,
        "text": "Let's go $",
        "__gohashid": 14
      },
      {
        "key": 1015,
        "name": "Eva_Emotion",
        "type": "emotion",
        "color": "lightcoral",
        "isGroup": false,
        "group": "",
        "emotion": "ini",
        "level": 0,
        "speed": 0,
        "__gohashid": 15
      },
      {
        "key": 1016,
        "name": "Talk",
        "type": "speak",
        "color": "#00ff00",
        "isGroup": false,
        "text": "I will show you my emotions",
        "__gohashid": 16
      },
      {
        "key": 1017,
        "name": "Audio",
        "type": "sound",
        "color": "lightblue",
        "isGroup": false,
        "src": "mario-sound1",
        "wait": true,
        "__gohashid": 17
      },
      {
        "key": 1018,
        "name": "Talk",
        "type": "speak",
        "color": "#00ff00",
        "isGroup": false,
        "text": "I look like this when I am happy",
        "__gohashid": 18
      },
      {
        "key": 1019,
        "name": "Eva_Emotion",
        "type": "emotion",
        "color": "lightcoral",
        "isGroup": false,
        "group": "",
        "emotion": "joy",
        "level": 0,
        "speed": 0,
        "__gohashid": 19
      },
      {
        "key": 1020,
        "name": "Light",
        "type": "light",
        "color": "#ffa500",
        "isGroup": false,
        "group": "",
        "lcolor": "#00ff00",
        "state": "on",
        "__gohashid": 20
      },
      {
        "key": 1021,
        "name": "Leds",
        "type": "led",
        "color": "lightblue",
        "isGroup": false,
        "group": "",
        "anim": "joy",
        "__gohashid": 21
      },
      {
        "key": 1022,
        "name": "Wait",
        "type": "wait",
        "color": "lightblue",
        "isGroup": false,
        "time": 2000,
        "__gohashid": 22
      },
      {
        "key": 1023,
        "name": "Eva_Emotion",
        "type": "emotion",
        "color": "lightcoral",
        "isGroup": false,
        "group": "",
        "emotion": "ini",
        "level": 0,
        "speed": 0,
        "__gohashid": 23
      },
      {
        "key": 1024,
        "name": "Talk",
        "type": "speak",
        "color": "#00ff00",
        "isGroup": false,
        "text": "I look like this when I am sad",
        "__gohashid": 24
      },
      {
        "key": 1025,
        "name": "Audio",
        "type": "sound",
        "color": "lightblue",
        "isGroup": false,
        "src": "mario-sound1",
        "wait": true,
        "__gohashid": 25
      },
      {
        "key": 1026,
        "name": "Eva_Emotion",
        "type": "emotion",
        "color": "lightcoral",
        "isGroup": false,
        "group": "",
        "emotion": "sad",
        "level": 0,
        "speed": 0,
        "__gohashid": 26
      },
      {
        "key": 1027,
        "name": "Light",
        "type": "light",
        "color": "#ffa500",
        "isGroup": false,
        "group": "",
        "lcolor": "#0000ff",
        "state": "on",
        "__gohashid": 27
      },
      {
        "key": 1028,
        "name": "Leds",
        "type": "led",
        "color": "lightblue",
        "isGroup": false,
        "group": "",
        "anim": "sad",
        "__gohashid": 28
      },
      {
        "key": 1029,
        "name": "Wait",
        "type": "wait",
        "color": "lightblue",
        "isGroup": false,
        "time": 2000,
        "__gohashid": 29
      },
      {
        "key": 1030,
        "name": "Eva_Emotion",
        "type": "emotion",
        "color": "lightcoral",
        "isGroup": false,
        "group": "",
        "emotion": "ini",
        "level": 0,
        "speed": 0,
        "__gohashid": 30
      },
      {
        "key": 1031,
        "name": "Talk",
        "type": "speak",
        "color": "#00ff00",
        "isGroup": false,
        "text": "I look like this when I am angry",
        "__gohashid": 31
      },
      {
        "key": 1032,
        "name": "Audio",
        "type": "sound",
        "color": "lightblue",
        "isGroup": false,
        "src": "mario-sound1",
        "wait": false,
        "__gohashid": 32
      },
      {
        "key": 1033,
        "name": "Eva_Emotion",
        "type": "emotion",
        "color": "lightcoral",
        "isGroup": false,
        "group": "",
        "emotion": "anger",
        "level": 0,
        "speed": 0,
        "__gohashid": 33
      },
      {
        "key": 1034,
        "name": "Light",
        "type": "light",
        "color": "#ffa500",
        "isGroup": false,
        "group": "",
        "lcolor": "#ff0000",
        "state": "on",
        "__gohashid": 34
      },
      {
        "key": 1035,
        "name": "Leds",
        "type": "led",
        "color": "lightblue",
        "isGroup": false,
        "group": "",
        "anim": "anger",
        "__gohashid": 35
      },
      {
        "key": 1036,
        "name": "Wait",
        "type": "wait",
        "color": "lightblue",
        "isGroup": false,
        "time": 2000,
        "__gohashid": 36
      },
      {
        "key": 1037,
        "name": "Eva_Emotion",
        "type": "emotion",
        "color": "lightcoral",
        "isGroup": false,
        "group": "",
        "emotion": "ini",
        "level": 0,
        "speed": 0,
        "__gohashid": 37
      },
      {
        "key": 1038,
        "name": "Light",
        "type": "light",
        "color": "#ffa500",
        "isGroup": false,
        "group": "",
        "lcolor": "#ffffff",
        "state": "on",
        "__gohashid": 38
      },
      {
        "key": 1039,
        "name": "Talk",
        "type": "speak",
        "color": "#00ff00",
        "isGroup": false,
        "text": "Let's start the game",
        "__gohashid": 39
      },
      {
        "key": 1040,
        "name": "Counter",
        "type": "counter",
        "color": "lightblue",
        "isGroup": false,
        "group": "",
        "count": "try",
        "ops": "assign",
        "value": 1,
        "__gohashid": 40
      },
      {
        "key": 1041,
        "name": "Eva_Emotion",
        "type": "emotion",
        "color": "lightcoral",
        "isGroup": false,
        "group": "",
        "emotion": "ini",
        "level": 0,
        "speed": 0,
        "__gohashid": 41
      },
      {
        "key": 1042,
        "name": "Light",
        "type": "light",
        "color": "#ffa500",
        "isGroup": false,
        "group": "",
        "lcolor": "#ffffff",
        "state": "on",
        "__gohashid": 42
      },
      {
        "key": 1043,
        "name": "Talk",
        "type": "speak",
        "color": "#00ff00",
        "isGroup": false,
        "text": "How am I feeling?",
        "__gohashid": 43
      },
      {
        "key": 1044,
        "name": "Talk",
        "type": "speak",
        "color": "#00ff00",
        "isGroup": false,
        "text": "Happy, sad, or, angry?",
        "__gohashid": 44
      },
      {
        "key": 1045,
        "name": "Eva_Emotion",
        "type": "emotion",
        "color": "lightcoral",
        "isGroup": false,
        "group": "",
        "emotion": "sad",
        "level": 0,
        "speed": 0,
        "__gohashid": 45
      },
      {
        "key": 1046,
        "name": "Light",
        "type": "light",
        "color": "#ffa500",
        "isGroup": false,
        "group": "",
        "lcolor": "#0000ff",
        "state": "on",
        "__gohashid": 46
      },
      {
        "key": 1047,
        "name": "Audio",
        "type": "sound",
        "color": "lightblue",
        "isGroup": false,
        "src": "mario-sound1",
        "wait": true,
        "__gohashid": 47
      },
      {
        "key": 1048,
        "name": "Listen",
        "type": "listen",
        "color": "#ffff00",
        "isGroup": false,
        "opt": "",
        "__gohashid": 48
      },
      {
        "key": 1049,
        "name": "Condition",
        "type": "if",
        "color": "white",
        "isGroup": false,
        "text": "sad",
        "opt": 2,
        "__gohashid": 49
      },
      {
        "key": 1050,
        "name": "Audio",
        "type": "sound",
        "color": "lightblue",
        "isGroup": false,
        "src": "mario-start-02",
        "wait": true,
        "__gohashid": 50
      },
      {
        "key": 1051,
        "name": "Talk",
        "type": "speak",
        "color": "#00ff00",
        "isGroup": false,
        "text": "Very good! You are right!",
        "__gohashid": 51
      },
      {
        "key": 1052,
        "name": "Condition",
        "type": "if",
        "color": "white",
        "isGroup": false,
        "text": "",
        "opt": 4,
        "__gohashid": 52
      },
      {
        "key": 1053,
        "name": "Audio",
        "type": "sound",
        "color": "lightblue",
        "isGroup": false,
        "src": "mario-sound1",
        "wait": true,
        "__gohashid": 53
      },
      {
        "key": 1054,
        "name": "Talk",
        "type": "speak",
        "color": "#00ff00",
        "isGroup": false,
        "text": "I am feeling sad",
        "__gohashid": 54
      },
      {
        "key": 1055,
        "name": "Condition",
        "type": "if",
        "color": "white",
        "isGroup": false,
        "text": "#try == 1",
        "opt": 5,
        "__gohashid": 55
        },
      {
        "key": 1056,
        "name": "Counter",
        "type": "counter",
        "color": "lightblue",
        "isGroup": false,
        "group": "",
        "count": "try",
        "ops": "sum",
        "value": 1,
        "__gohashid": 56
      },
      {
        "key": 1057,
        "name": "Wait",
        "type": "wait",
        "color": "lightblue",
        "isGroup": false,
        "time": 2000,
        "__gohashid": 57
      },
      {
        "key": 1058,
        "name": "Talk",
        "type": "speak",
        "color": "#00ff00",
        "isGroup": false,
        "text": "Let's try one more time",
        "__gohashid": 58
      },
      {
        "key": 1059,
        "name": "Wait",
        "type": "wait",
        "color": "lightblue",
        "isGroup": false,
        "time": 2000,
        "__gohashid": 59
      },
      {
        "key": 1060,
        "name": "Condition",
        "type": "if",
        "color": "white",
        "isGroup": false,
        "text": "#try == 2",
        "opt": 5,
        "__gohashid": 60
        },
      {
        "key": 1061,
        "name": "Wait",
        "type": "wait",
        "color": "lightblue",
        "isGroup": false,
        "time": 100,
        "__gohashid": 61
      },
      {
        "key": 1062,
        "name": "Eva_Emotion",
        "type": "emotion",
        "color": "lightcoral",
        "isGroup": false,
        "group": "",
        "emotion": "joy",
        "level": 0,
        "speed": 0,
        "__gohashid": 62
      },
      {
        "key": 1063,
        "name": "Wait",
        "type": "wait",
        "color": "lightblue",
        "isGroup": false,
        "time": 1000,
        "__gohashid": 63
      },
      {
        "key": 1064,
        "name": "Counter",
        "type": "counter",
        "color": "lightblue",
        "isGroup": false,
        "group": "",
        "count": "try",
        "ops": "assign",
        "value": 1,
        "__gohashid": 64
      },
      {
        "key": 1065,
        "name": "Eva_Emotion",
        "type": "emotion",
        "color": "lightcoral",
        "isGroup": false,
        "group": "",
        "emotion": "ini",
        "level": 0,
        "speed": 0,
        "__gohashid": 65
      },
      {
        "key": 1066,
        "name": "Light",
        "type": "light",
        "color": "#ffa500",
        "isGroup": false,
        "group": "",
        "lcolor": "#ffffff",
        "state": "on",
        "__gohashid": 66
      },
      {
        "key": 1067,
        "name": "Talk",
        "type": "speak",
        "color": "#00ff00",
        "isGroup": false,
        "text": "How am I feeling?",
        "__gohashid": 67
      },
      {
        "key": 1068,
        "name": "Talk",
        "type": "speak",
        "color": "#00ff00",
        "isGroup": false,
        "text": "Happy, sad, or, angry?",
        "__gohashid": 68
      },
      {
        "key": 1069,
        "name": "Eva_Emotion",
        "type": "emotion",
        "color": "lightcoral",
        "isGroup": false,
        "group": "",
        "emotion": "anger",
        "level": 0,
        "speed": 0,
        "__gohashid": 69
      },
      {
        "key": 1070,
        "name": "Light",
        "type": "light",
        "color": "#ffa500",
        "isGroup": false,
        "group": "",
        "lcolor": "#ff0000",
        "state": "on",
        "__gohashid": 70
      },
      {
        "key": 1071,
        "name": "Audio",
        "type": "sound",
        "color": "lightblue",
        "isGroup": false,
        "src": "mario-sound1",
        "wait": true,
        "__gohashid": 71
      },
      {
        "key": 1072,
        "name": "Listen",
        "type": "listen",
        "color": "#ffff00",
        "isGroup": false,
        "opt": "",
        "__gohashid": 72
      },
      {
        "key": 1073,
        "name": "Condition",
        "type": "if",
        "color": "white",
        "isGroup": false,
        "text": "angry",
        "opt": 2,
        "__gohashid": 73
      },
      {
        "key": 1074,
        "name": "Audio",
        "type": "sound",
        "color": "lightblue",
        "isGroup": false,
        "src": "mario-start-02",
        "wait": true,
        "__gohashid": 74
      },
      {
        "key": 1075,
        "name": "Talk",
        "type": "speak",
        "color": "#00ff00",
        "isGroup": false,
        "text": "Nice! You are right!",
        "__gohashid": 75
      },
      {
        "key": 1076,
        "name": "Condition",
        "type": "if",
        "color": "white",
        "isGroup": false,
        "text": "",
        "opt": 4,
        "__gohashid": 76
      },
      {
        "key": 1077,
        "name": "Audio",
        "type": "sound",
        "color": "lightblue",
        "isGroup": false,
        "src": "mario-sound1",
        "wait": true,
        "__gohashid": 77
      },
      {
        "key": 1078,
        "name": "Talk",
        "type": "speak",
        "color": "#00ff00",
        "isGroup": false,
        "text": "I am feeling angry",
        "__gohashid": 78
      },
      {
        "key": 1079,
        "name": "Condition",
        "type": "if",
        "color": "white",
        "isGroup": false,
        "text": "#try == 1",
        "opt": 5,
        "__gohashid": 79
        },
      {
        "key": 1080,
        "name": "Counter",
        "type": "counter",
        "color": "lightblue",
        "isGroup": false,
        "group": "",
        "count": "try",
        "ops": "sum",
        "value": 1,
        "__gohashid": 80
      },
      {
        "key": 1081,
        "name": "Wait",
        "type": "wait",
        "color": "lightblue",
        "isGroup": false,
        "time": 2000,
        "__gohashid": 81
      },
      {
        "key": 1082,
        "name": "Talk",
        "type": "speak",
        "color": "#00ff00",
        "isGroup": false,
        "text": "Let's try one more time",
        "__gohashid": 82
      },
      {
        "key": 1083,
        "name": "Wait",
        "type": "wait",
        "color": "lightblue",
        "isGroup": false,
        "time": 2000,
        "__gohashid": 83
      },
      {
        "key": 1084,
        "name": "Condition",
        "type": "if",
        "color": "white",
        "isGroup": false,
        "text": "#try == 2",
        "opt": 5,
        "__gohashid": 84
        },
      {
        "key": 1085,
        "name": "Wait",
        "type": "wait",
        "color": "lightblue",
        "isGroup": false,
        "time": 100,
        "__gohashid": 85
      },
      {
        "key": 1086,
        "name": "Eva_Emotion",
        "type": "emotion",
        "color": "lightcoral",
        "isGroup": false,
        "group": "",
        "emotion": "joy",
        "level": 0,
        "speed": 0,
        "__gohashid": 86
      },
      {
        "key": 1087,
        "name": "Wait",
        "type": "wait",
        "color": "lightblue",
        "isGroup": false,
        "time": 1000,
        "__gohashid": 87
      },
      {
        "key": 1088,
        "name": "Counter",
        "type": "counter",
        "color": "lightblue",
        "isGroup": false,
        "group": "",
        "count": "try",
        "ops": "assign",
        "value": 1,
        "__gohashid": 88
      },
      {
        "key": 1089,
        "name": "Eva_Emotion",
        "type": "emotion",
        "color": "lightcoral",
        "isGroup": false,
        "group": "",
        "emotion": "ini",
        "level": 0,
        "speed": 0,
        "__gohashid": 89
      },
      {
        "key": 1090,
        "name": "Light",
        "type": "light",
        "color": "#ffa500",
        "isGroup": false,
        "group": "",
        "lcolor": "#ffffff",
        "state": "on",
        "__gohashid": 90
      },
      {
        "key": 1091,
        "name": "Talk",
        "type": "speak",
        "color": "#00ff00",
        "isGroup": false,
        "text": "How am I feeling?",
        "__gohashid": 91
      },
      {
        "key": 1092,
        "name": "Talk",
        "type": "speak",
        "color": "#00ff00",
        "isGroup": false,
        "text": "Happy, sad, or, angry?",
        "__gohashid": 92
      },
      {
        "key": 1093,
        "name": "Eva_Emotion",
        "type": "emotion",
        "color": "lightcoral",
        "isGroup": false,
        "group": "",
        "emotion": "joy",
        "level": 0,
        "speed": 0,
        "__gohashid": 93
      },
      {
        "key": 1094,
        "name": "Light",
        "type": "light",
        "color": "#ffa500",
        "isGroup": false,
        "group": "",
        "lcolor": "#00ff00",
        "state": "on",
        "__gohashid": 94
      },
      {
        "key": 1095,
        "name": "Audio",
        "type": "sound",
        "color": "lightblue",
        "isGroup": false,
        "src": "mario-sound1",
        "wait": true,
        "__gohashid": 95
      },
      {
        "key": 1096,
        "name": "Listen",
        "type": "listen",
        "color": "#ffff00",
        "isGroup": false,
        "opt": "",
        "__gohashid": 96
      },
      {
        "key": 1097,
        "name": "Condition",
        "type": "if",
        "color": "white",
        "isGroup": false,
        "text": "happy",
        "opt": 2,
        "__gohashid": 97
      },
      {
        "key": 1098,
        "name": "Audio",
        "type": "sound",
        "color": "lightblue",
        "isGroup": false,
        "src": "mario-start-02",
        "wait": true,
        "__gohashid": 98
      },
      {
        "key": 1099,
        "name": "Talk",
        "type": "speak",
        "color": "#00ff00",
        "isGroup": false,
        "text": "Perfect! You are correct!",
        "__gohashid": 99
      },
      {
        "key": 1100,
        "name": "Condition",
        "type": "if",
        "color": "white",
        "isGroup": false,
        "text": "",
        "opt": 4,
        "__gohashid": 100
      },
      {
        "key": 1101,
        "name": "Audio",
        "type": "sound",
        "color": "lightblue",
        "isGroup": false,
        "src": "mario-sound1",
        "wait": true,
        "__gohashid": 101
      },
      {
        "key": 1102,
        "name": "Talk",
        "type": "speak",
        "color": "#00ff00",
        "isGroup": false,
        "text": "I am feeling happy",
        "__gohashid": 102
      },
      {
        "key": 1103,
        "name": "Condition",
        "type": "if",
        "color": "white",
        "isGroup": false,
        "text": "#try == 1",
        "opt": 5,
        "__gohashid": 103
        },
      {
        "key": 1104,
        "name": "Counter",
        "type": "counter",
        "color": "lightblue",
        "isGroup": false,
        "group": "",
        "count": "try",
        "ops": "sum",
        "value": 1,
        "__gohashid": 104
      },
      {
        "key": 1105,
        "name": "Wait",
        "type": "wait",
        "color": "lightblue",
        "isGroup": false,
        "time": 2000,
        "__gohashid": 105
      },
      {
        "key": 1106,
        "name": "Talk",
        "type": "speak",
        "color": "#00ff00",
        "isGroup": false,
        "text": "Let's try one more time",
        "__gohashid": 106
      },
      {
        "key": 1107,
        "name": "Wait",
        "type": "wait",
        "color": "lightblue",
        "isGroup": false,
        "time": 2000,
        "__gohashid": 107
      },
      {
        "key": 1108,
        "name": "Condition",
        "type": "if",
        "color": "white",
        "isGroup": false,
        "text": "#try == 2",
        "opt": 5,
        "__gohashid": 108
        },
      {
        "key": 1109,
        "name": "Wait",
        "type": "wait",
        "color": "lightblue",
        "isGroup": false,
        "time": 100,
        "__gohashid": 109
      },
      {
        "key": 1110,
        "name": "Eva_Emotion",
        "type": "emotion",
        "color": "lightcoral",
        "isGroup": false,
        "group": "",
        "emotion": "joy",
        "level": 0,
        "speed": 0,
        "__gohashid": 110
      },
      {
        "key": 1111,
        "name": "Talk",
        "type": "speak",
        "color": "#00ff00",
        "isGroup": false,
        "text": "It was really nice to play with you $1",
        "__gohashid": 111
      },
      {
        "key": 1112,
        "name": "Audio",
        "type": "sound",
        "color": "lightblue",
        "isGroup": false,
        "src": "mario-end-02",
        "wait": true,
        "__gohashid": 112
      },
      {
        "key": 1113,
        "name": "Light",
        "type": "light",
        "color": "#ffa500",
        "isGroup": false,
        "group": "",
        "lcolor": "#000000",
        "state": "off",
        "__gohashid": 113
      }
    ],
    "link": [
      { 
        "from": 1000,
        "to": 1001,
        "__gohashid": 0
      },
      { 
        "from": 1001,
        "to": 1002,
        "__gohashid": 1
      },
      { 
        "from": 1002,
        "to": 1003,
        "__gohashid": 2
      },
      { 
        "from": 1003,
        "to": 1004,
        "__gohashid": 3
      },
      { 
        "from": 1004,
        "to": 1005,
        "__gohashid": 4
      },
      { 
        "from": 1005,
        "to": 1006,
        "__gohashid": 5
      },
      { 
        "from": 1006,
        "to": 1007,
        "__gohashid": 6
      },
      { 
        "from": 1007,
        "to": 1008,
        "__gohashid": 7
      },
      { 
        "from": 1008,
        "to": 1009,
        "__gohashid": 8
      },
      { 
        "from": 1009,
        "to": 1010,
        "__gohashid": 9
      },
      { 
        "from": 1010,
        "to": 1011,
        "__gohashid": 10
      },
      { 
        "from": 1011,
        "to": 1012,
        "__gohashid": 11
      },
      { 
        "from": 1012,
        "to": 1013,
        "__gohashid": 12
      },
      { 
        "from": 1013,
        "to": 1014,
        "__gohashid": 13
      },
      { 
        "from": 1014,
        "to": 1015,
        "__gohashid": 14
      },
      { 
        "from": 1015,
        "to": 1016,
        "__gohashid": 15
      },
      { 
        "from": 1016,
        "to": 1017,
        "__gohashid": 16
      },
      { 
        "from": 1017,
        "to": 1018,
        "__gohashid": 17
      },
      { 
        "from": 1018,
        "to": 1019,
        "__gohashid": 18
      },
      { 
        "from": 1019,
        "to": 1020,
        "__gohashid": 19
      },
      { 
        "from": 1020,
        "to": 1021,
        "__gohashid": 20
      },
      { 
        "from": 1021,
        "to": 1022,
        "__gohashid": 21
      },
      { 
        "from": 1022,
        "to": 1023,
        "__gohashid": 22
      },
      { 
        "from": 1023,
        "to": 1024,
        "__gohashid": 23
      },
      { 
        "from": 1024,
        "to": 1025,
        "__gohashid": 24
      },
      { 
        "from": 1025,
        "to": 1026,
        "__gohashid": 25
      },
      { 
        "from": 1026,
        "to": 1027,
        "__gohashid": 26
      },
      { 
        "from": 1027,
        "to": 1028,
        "__gohashid": 27
      },
      { 
        "from": 1028,
        "to": 1029,
        "__gohashid": 28
      },
      { 
        "from": 1029,
        "to": 1030,
        "__gohashid": 29
      },
      { 
        "from": 1030,
        "to": 1031,
        "__gohashid": 30
      },
      { 
        "from": 1031,
        "to": 1032,
        "__gohashid": 31
      },
      { 
        "from": 1032,
        "to": 1033,
        "__gohashid": 32
      },
      { 
        "from": 1033,
        "to": 1034,
        "__gohashid": 33
      },
      { 
        "from": 1034,
        "to": 1035,
        "__gohashid": 34
      },
      { 
        "from": 1035,
        "to": 1036,
        "__gohashid": 35
      },
      { 
        "from": 1036,
        "to": 1037,
        "__gohashid": 36
      },
      { 
        "from": 1037,
        "to": 1038,
        "__gohashid": 37
      },
      { 
        "from": 1038,
        "to": 1039,
        "__gohashid": 38
      },
      { 
        "from": 1039,
        "to": 1040,
        "__gohashid": 39
      },
      { 
        "from": 1040,
        "to": 1041,
        "__gohashid": 40
      },
      { 
        "from": 1041,
        "to": 1042,
        "__gohashid": 41
      },
      { 
        "from": 1042,
        "to": 1043,
        "__gohashid": 42
      },
      { 
        "from": 1043,
        "to": 1044,
        "__gohashid": 43
      },
      { 
        "from": 1044,
        "to": 1045,
        "__gohashid": 44
      },
      { 
        "from": 1045,
        "to": 1046,
        "__gohashid": 45
      },
      { 
        "from": 1046,
        "to": 1047,
        "__gohashid": 46
      },
      { 
        "from": 1047,
        "to": 1048,
        "__gohashid": 47
      },
      { 
        "from": 1048,
        "to": 1049,
        "__gohashid": 48
      },
      { 
        "from": 1049,
        "to": 1050,
        "__gohashid": 49
      },
      { 
        "from": 1050,
        "to": 1051,
        "__gohashid": 50
      },
      { 
        "from": 1048,
        "to": 1052,
        "__gohashid": 51
      },
      { 
        "from": 1052,
        "to": 1053,
        "__gohashid": 52
      },
      { 
        "from": 1053,
        "to": 1054,
        "__gohashid": 53
      },
      { 
        "from": 1054,
        "to": 1055,
        "__gohashid": 54
      },
      { 
        "from": 1055,
        "to": 1056,
        "__gohashid": 55
      },
      { 
        "from": 1056,
        "to": 1057,
        "__gohashid": 56
      },
      { 
        "from": 1057,
        "to": 1058,
        "__gohashid": 57
      },
      { 
        "from": 1058,
        "to": 1059,
        "__gohashid": 58
      },
      { 
        "from": 1059,
        "to": 1041,
        "__gohashid": 59
      },
      { 
        "from": 1054,
        "to": 1060,
        "__gohashid": 60
      },
      { 
        "from": 1060,
        "to": 1061,
        "__gohashid": 61
      },
      { 
        "from": 1051,
        "to": 1062,
        "__gohashid": 62
      },
      { 
        "from": 1061,
        "to": 1062,
        "__gohashid": 63
      },
      { 
        "from": 1062,
        "to": 1063,
        "__gohashid": 64
      },
      { 
        "from": 1063,
        "to": 1064,
        "__gohashid": 65
      },
      { 
        "from": 1064,
        "to": 1065,
        "__gohashid": 66
      },
      { 
        "from": 1065,
        "to": 1066,
        "__gohashid": 67
      },
      { 
        "from": 1066,
        "to": 1067,
        "__gohashid": 68
      },
      { 
        "from": 1067,
        "to": 1068,
        "__gohashid": 69
      },
      { 
        "from": 1068,
        "to": 1069,
        "__gohashid": 70
      },
      { 
        "from": 1069,
        "to": 1070,
        "__gohashid": 71
      },
      { 
        "from": 1070,
        "to": 1071,
        "__gohashid": 72
      },
      { 
        "from": 1071,
        "to": 1072,
        "__gohashid": 73
      },
      { 
        "from": 1072,
        "to": 1073,
        "__gohashid": 74
      },
      { 
        "from": 1073,
        "to": 1074,
        "__gohashid": 75
      },
      { 
        "from": 1074,
        "to": 1075,
        "__gohashid": 76
      },
      { 
        "from": 1072,
        "to": 1076,
        "__gohashid": 77
      },
      { 
        "from": 1076,
        "to": 1077,
        "__gohashid": 78
      },
      { 
        "from": 1077,
        "to": 1078,
        "__gohashid": 79
      },
      { 
        "from": 1078,
        "to": 1079,
        "__gohashid": 80
      },
      { 
        "from": 1079,
        "to": 1080,
        "__gohashid": 81
      },
      { 
        "from": 1080,
        "to": 1081,
        "__gohashid": 82
      },
      { 
        "from": 1081,
        "to": 1082,
        "__gohashid": 83
      },
      { 
        "from": 1082,
        "to": 1083,
        "__gohashid": 84
      },
      { 
        "from": 1083,
        "to": 1065,
        "__gohashid": 85
      },
      { 
        "from": 1078,
        "to": 1084,
        "__gohashid": 86
      },
      { 
        "from": 1084,
        "to": 1085,
        "__gohashid": 87
      },
      { 
        "from": 1075,
        "to": 1086,
        "__gohashid": 88
      },
      { 
        "from": 1085,
        "to": 1086,
        "__gohashid": 89
      },
      { 
        "from": 1086,
        "to": 1087,
        "__gohashid": 90
      },
      { 
        "from": 1087,
        "to": 1088,
        "__gohashid": 91
      },
      { 
        "from": 1088,
        "to": 1089,
        "__gohashid": 92
      },
      { 
        "from": 1089,
        "to": 1090,
        "__gohashid": 93
      },
      { 
        "from": 1090,
        "to": 1091,
        "__gohashid": 94
      },
      { 
        "from": 1091,
        "to": 1092,
        "__gohashid": 95
      },
      { 
        "from": 1092,
        "to": 1093,
        "__gohashid": 96
      },
      { 
        "from": 1093,
        "to": 1094,
        "__gohashid": 97
      },
      { 
        "from": 1094,
        "to": 1095,
        "__gohashid": 98
      },
      { 
        "from": 1095,
        "to": 1096,
        "__gohashid": 99
      },
      { 
        "from": 1096,
        "to": 1097,
        "__gohashid": 100
      },
      { 
        "from": 1097,
        "to": 1098,
        "__gohashid": 101
      },
      { 
        "from": 1098,
        "to": 1099,
        "__gohashid": 102
      },
      { 
        "from": 1096,
        "to": 1100,
        "__gohashid": 103
      },
      { 
        "from": 1100,
        "to": 1101,
        "__gohashid": 104
      },
      { 
        "from": 1101,
        "to": 1102,
        "__gohashid": 105
      },
      { 
        "from": 1102,
        "to": 1103,
        "__gohashid": 106
      },
      { 
        "from": 1103,
        "to": 1104,
        "__gohashid": 107
      },
      { 
        "from": 1104,
        "to": 1105,
        "__gohashid": 108
      },
      { 
        "from": 1105,
        "to": 1106,
        "__gohashid": 109
      },
      { 
        "from": 1106,
        "to": 1107,
        "__gohashid": 110
      },
      { 
        "from": 1107,
        "to": 1065,
        "__gohashid": 111
      },
      { 
        "from": 1102,
        "to": 1108,
        "__gohashid": 112
      },
      { 
        "from": 1108,
        "to": 1109,
        "__gohashid": 113
      },
      { 
        "from": 1099,
        "to": 1110,
        "__gohashid": 114
      },
      { 
        "from": 1109,
        "to": 1110,
        "__gohashid": 115
      },
      { 
        "from": 1110,
        "to": 1111,
        "__gohashid": 116
      },
      { 
        "from": 1111,
        "to": 1112,
        "__gohashid": 117
      },
      { 
        "from": 1112,
        "to": 1113,
        "__gohashid": 118
      }
    ]
  }
}