Sample,Emotion,Word,MEAN,LNZ
SPEC_back_angry.png,angry,back,0.5874292365483308,0.33695652173913043
SPEC_back_happy.png,happy,back,0.8936564202952224,0.6956521739130435
SPEC_back_neutral.png,neutral,back,0.909369874609809,0.9239130434782609
SPEC_back_sad.png,sad,back,0.910057668906407,0.7065217391304348
SPEC_bar_angry.png,angry,bar,0.691815247870483,0.33695652173913043
SPEC_bar_happy.png,happy,bar,0.8391090418496376,0.7065217391304348
SPEC_bar_neutral.png,neutral,bar,0.895084916142003,0.9021739130434783
SPEC_bar_sad.png,sad,bar,0.8246653616210783,0.45652173913043476
SPEC_base_angry.png,angry,base,0.5407650388868315,0.33695652173913043
SPEC_base_happy.png,happy,base,0.8488439765091793,0.7391304347826086
SPEC_base_neutral.png,neutral,base,0.890534892333739,0.967391304347826
SPEC_base_sad.png,sad,base,0.881011586688535,0.7065217391304348
SPEC_bath_angry.png,angry,bath,0.5463203005132004,0.33695652173913043
SPEC_bath_happy.png,happy,bath,0.9025977461509974,0.6847826086956522
SPEC_bath_neutral.png,neutral,bath,0.8875191788794244,0.6847826086956522
SPEC_bath_sad.png,sad,bath,0.922067615470081,0.75
SPEC_bean_angry.png,angry,bean,0.7212845881170308,0.5543478260869565
SPEC_bean_happy.png,happy,bean,0.8475742024231522,0.967391304347826
SPEC_bean_neutral.png,neutral,bean,0.9130733823607217,0.9782608695652174
SPEC_bean_sad.png,sad,bean,0.8879424369081,0.9130434782608695
SPEC_beg_angry.png,angry,beg,0.6117136659436009,0.33695652173913043
SPEC_beg_happy.png,happy,beg,0.8491085127771018,0.6630434782608695
SPEC_beg_neutral.png,neutral,beg,0.8855087032432146,0.8478260869565217
SPEC_beg_sad.png,sad,beg,0.9075710279879372,0.6304347826086957
SPEC_bite_angry.png,angry,bite,0.6033014126236707,0.33695652173913043
SPEC_bite_happy.png,happy,bite,0.8583143749007989,0.75
SPEC_bite_neutral.png,neutral,bite,0.8466747791122162,0.9347826086956522
SPEC_bite_sad.png,sad,bite,0.7165229352944289,0.532608695652174
SPEC_boat_angry.png,angry,boat,0.6874239458229723,0.33695652173913043
SPEC_boat_happy.png,happy,boat,0.8877837151473468,0.8586956521739131
SPEC_boat_neutral.png,neutral,boat,0.9333368604835722,0.9782608695652174
SPEC_boat_sad.png,sad,boat,0.8208031321094121,0.6956521739130435
SPEC_bone_angry.png,angry,bone,0.6574784402941644,0.33695652173913043
SPEC_bone_happy.png,happy,bone,0.8991058674144224,0.8260869565217391
SPEC_bone_neutral.png,neutral,bone,0.8768848209089466,0.8152173913043478
SPEC_bone_sad.png,sad,bone,0.8980477223427332,0.6739130434782609
SPEC_book_angry.png,angry,book,0.5457383207237713,0.33695652173913043
SPEC_book_happy.png,happy,book,0.8319136553621501,0.6847826086956522
SPEC_book_neutral.png,neutral,book,0.8556690122215755,0.9239130434782609
SPEC_book_sad.png,sad,book,0.888048251415269,0.7717391304347826
SPEC_bought_angry.png,angry,bought,0.6197026612348553,0.33695652173913043
SPEC_bought_happy.png,happy,bought,0.92513623617798,0.8152173913043478
SPEC_bought_neutral.png,neutral,bought,0.8806941431670282,0.9130434782608695
SPEC_bought_sad.png,sad,bought,0.8288450346542511,0.6956521739130435
SPEC_burn_angry.png,angry,burn,0.6895402359663511,0.33695652173913043
SPEC_burn_happy.png,happy,burn,0.8456695412941114,0.7934782608695652
SPEC_burn_neutral.png,neutral,burn,0.9224908734987567,0.967391304347826
SPEC_burn_sad.png,sad,burn,0.8760912121051796,0.8478260869565217
SPEC_cab_angry.png,angry,cab,0.7110734881752289,0.358695652173913
SPEC_cab_happy.png,happy,cab,0.8630760277234009,0.7391304347826086
SPEC_cab_neutral.png,neutral,cab,0.9443944764827258,0.9891304347826086
SPEC_cab_sad.png,sad,cab,0.8824929897889,0.5108695652173914
SPEC_calm_angry.png,angry,calm,0.6850431194116714,0.33695652173913043
SPEC_calm_happy.png,happy,calm,0.8430241786148881,0.6195652173913043
SPEC_calm_neutral.png,neutral,calm,0.9231257605417702,0.9347826086956522
SPEC_calm_sad.png,sad,calm,0.9261943812496694,0.7391304347826086
SPEC_came_angry.png,angry,came,0.6164753187662029,0.33695652173913043
SPEC_came_happy.png,happy,came,0.9442357547219724,0.8478260869565217
SPEC_came_neutral.png,neutral,came,0.902333209883075,0.8804347826086957
SPEC_came_sad.png,sad,came,0.9045553145336225,0.6413043478260869
SPEC_cause_angry.png,angry,cause,0.6091212105179621,0.358695652173913
SPEC_cause_happy.png,happy,cause,0.8670969789958203,0.6304347826086957
SPEC_cause_neutral.png,neutral,cause,0.9358235014020423,0.9130434782608695
SPEC_cause_sad.png,sad,cause,0.8123379715358976,0.5108695652173914
SPEC_chain_angry.png,angry,chain,0.6461562880270885,0.3804347826086957
SPEC_chain_happy.png,happy,chain,0.9095815036241469,0.8586956521739131
SPEC_chain_neutral.png,neutral,chain,0.9412729485212423,0.9456521739130435
SPEC_chain_sad.png,sad,chain,0.9260885667425004,0.6956521739130435
SPEC_chair_angry.png,angry,chair,0.6662081371356012,0.358695652173913
SPEC_chair_happy.png,happy,chair,0.8731813131580339,0.7065217391304348
SPEC_chair_neutral.png,neutral,chair,0.8483678112269192,0.9130434782608695
SPEC_chair_sad.png,sad,chair,0.8612771811015291,0.5652173913043478
SPEC_chalk_angry.png,angry,chalk,0.6638802179778848,0.4891304347826087
SPEC_chalk_happy.png,happy,chalk,0.7889000581979789,0.6413043478260869
SPEC_chalk_neutral.png,neutral,chalk,0.9133908258822285,0.9130434782608695
SPEC_chalk_sad.png,sad,chalk,0.9030739114332575,0.6630434782608695
SPEC_chat_angry.png,angry,chat,0.6785884344743665,0.33695652173913043
SPEC_chat_happy.png,happy,chat,0.9182582932119995,0.717391304347826
SPEC_chat_neutral.png,neutral,chat,0.9029151896725041,0.9891304347826086
SPEC_chat_sad.png,sad,chat,0.8764086556266864,0.5108695652173914
SPEC_check_angry.png,angry,check,0.6353103010422729,0.33695652173913043
SPEC_check_happy.png,happy,check,0.8995820326966827,0.7391304347826086
SPEC_check_neutral.png,neutral,check,0.9280461351251257,0.967391304347826
SPEC_check_sad.png,sad,check,0.9040791492513623,0.6956521739130435
SPEC_cheek_angry.png,angry,cheek,0.49664038939738636,0.358695652173913
SPEC_cheek_happy.png,happy,cheek,0.8314903973334744,0.6413043478260869
SPEC_cheek_neutral.png,neutral,cheek,0.920480397862547,0.967391304347826
SPEC_cheek_sad.png,sad,cheek,0.8374689169885191,0.5
SPEC_chief_angry.png,angry,chief,0.6215015078567272,0.43478260869565216
SPEC_chief_happy.png,happy,chief,0.8287921274006667,0.8043478260869565
SPEC_chief_neutral.png,neutral,chief,0.9344479128088461,0.9565217391304348
SPEC_chief_sad.png,sad,chief,0.797523940532247,0.6195652173913043
SPEC_choice_angry.png,angry,choice,0.5679064599756627,0.33695652173913043
SPEC_choice_happy.png,happy,choice,0.7710174064864294,0.7065217391304348
SPEC_choice_neutral.png,neutral,choice,0.9334955822443257,0.9347826086956522
SPEC_choice_sad.png,sad,choice,0.9356118723877044,0.967391304347826
SPEC_cool_angry.png,angry,cool,0.6269509549759272,0.42391304347826086
SPEC_cool_happy.png,happy,cool,0.845616634040527,0.8804347826086957
SPEC_cool_neutral.png,neutral,cool,0.9247658854028887,0.9891304347826086
SPEC_cool_sad.png,sad,cool,0.8871488281043332,0.7934782608695652
SPEC_dab_angry.png,angry,dab,0.648484207184805,0.33695652173913043
SPEC_dab_happy.png,happy,dab,0.9091053383418867,0.6521739130434783
SPEC_dab_neutral.png,neutral,dab,0.9201100470874557,1.0
SPEC_dab_sad.png,sad,dab,0.8142426326649385,0.6521739130434783
SPEC_date_angry.png,angry,date,0.6623459076239353,0.33695652173913043
SPEC_date_happy.png,happy,date,0.9293688164647373,0.8913043478260869
SPEC_date_neutral.png,neutral,date,0.8672557007565738,0.9347826086956522
SPEC_date_sad.png,sad,date,0.9127030315856304,0.5760869565217391
SPEC_dead_angry.png,angry,dead,0.5592825776413947,0.33695652173913043
SPEC_dead_happy.png,happy,dead,0.9146076927146712,0.6956521739130435
SPEC_dead_neutral.png,neutral,dead,0.9115919792603565,0.967391304347826
SPEC_dead_sad.png,sad,dead,0.8823342680281467,0.8260869565217391
SPEC_death_angry.png,angry,death,0.517697476324004,0.33695652173913043
SPEC_death_happy.png,happy,death,0.8754034178085817,0.8804347826086957
SPEC_death_neutral.png,neutral,death,0.9074652134807681,0.9891304347826086
SPEC_death_sad.png,sad,death,0.9655044706629279,1.0
SPEC_deep_angry.png,angry,deep,0.5105549970901011,0.41304347826086957
SPEC_deep_happy.png,happy,deep,0.7712819427543516,0.6304347826086957
SPEC_deep_neutral.png,neutral,deep,0.8802708851383525,0.9565217391304348
SPEC_deep_sad.png,sad,deep,0.8848738162002011,0.6413043478260869
SPEC_dime_angry.png,angry,dime,0.66287498015978,0.33695652173913043
SPEC_dime_happy.png,happy,dime,0.9036558912226866,0.9021739130434783
SPEC_dime_neutral.png,neutral,dime,0.9129675678535527,0.9782608695652174
SPEC_dime_sad.png,sad,dime,0.892122109941273,0.8152173913043478
SPEC_dip_angry.png,angry,dip,0.5285963705624042,0.33695652173913043
SPEC_dip_happy.png,happy,dip,0.8691603618856145,0.782608695652174
SPEC_dip_neutral.png,neutral,dip,0.8961430612136925,0.9565217391304348
SPEC_dip_sad.png,sad,dip,0.7627109676736681,0.5543478260869565
SPEC_ditch_angry.png,angry,ditch,0.6666843024178615,0.33695652173913043
SPEC_ditch_happy.png,happy,ditch,0.8684725675890165,0.6413043478260869
SPEC_ditch_neutral.png,neutral,ditch,0.9128088460927993,0.967391304347826
SPEC_ditch_sad.png,sad,ditch,0.8570446008147717,0.5978260869565217
SPEC_dodge_angry.png,angry,dodge,0.6608115972699857,0.33695652173913043
SPEC_dodge_happy.png,happy,dodge,0.8656684831490398,0.5217391304347826
SPEC_dodge_neutral.png,neutral,dodge,0.9169356118723877,0.967391304347826
SPEC_dodge_sad.png,sad,dodge,0.9240251838527062,0.7717391304347826
SPEC_dog_angry.png,angry,dog,0.568170996243585,0.33695652173913043
SPEC_dog_happy.png,happy,dog,0.8366753081847522,0.6304347826086957
SPEC_dog_neutral.png,neutral,dog,0.911644886513941,0.8804347826086957
SPEC_dog_sad.png,sad,dog,0.9290513729432306,0.7934782608695652
SPEC_doll_angry.png,angry,doll,0.5671657584254801,0.33695652173913043
SPEC_doll_happy.png,happy,doll,0.884080207396434,0.7065217391304348
SPEC_doll_neutral.png,neutral,doll,0.8789482037987407,0.9239130434782609
SPEC_doll_sad.png,sad,doll,0.8660917411777155,0.6630434782608695
SPEC_door_angry.png,angry,door,0.6372678694248982,0.33695652173913043
SPEC_door_happy.png,happy,door,0.8570446008147717,0.9021739130434783
SPEC_door_neutral.png,neutral,door,0.9637585312946405,1.0
SPEC_door_sad.png,sad,door,0.8952965451563409,0.9239130434782609
SPEC_fail_angry.png,angry,fail,0.5177503835775885,0.33695652173913043
SPEC_fail_happy.png,happy,fail,0.9176234061689859,0.7065217391304348
SPEC_fail_neutral.png,neutral,fail,0.9029151896725041,0.9565217391304348
SPEC_fail_sad.png,sad,fail,0.8812761229564573,0.6521739130434783
SPEC_fall_angry.png,angry,fall,0.665044177556743,0.33695652173913043
SPEC_fall_happy.png,happy,fall,0.8677318660388339,0.7391304347826086
SPEC_fall_neutral.png,neutral,fall,0.9216443574414053,0.9456521739130435
SPEC_fall_sad.png,sad,fall,0.9253478651923178,0.9130434782608695
SPEC_far_angry.png,angry,far,0.5308184752129518,0.33695652173913043
SPEC_far_happy.png,happy,far,0.9340246547801704,0.7391304347826086
SPEC_far_neutral.png,neutral,far,0.9250304216708111,0.9347826086956522
SPEC_far_sad.png,sad,far,0.8205915030950743,0.5760869565217391
SPEC_fat_angry.png,angry,fat,0.5799164065393365,0.33695652173913043
SPEC_fat_happy.png,happy,fat,0.920480397862547,0.7391304347826086
SPEC_fat_neutral.png,neutral,fat,0.9423840008465161,0.9130434782608695
SPEC_fat_sad.png,sad,fat,0.9414316702819957,0.9565217391304348
SPEC_fit_angry.png,angry,fit,0.5831966562615735,0.33695652173913043
SPEC_fit_happy.png,happy,fit,0.8925453679699487,0.7934782608695652
SPEC_fit_neutral.png,neutral,fit,0.918787365747844,0.9565217391304348
SPEC_fit_sad.png,sad,fit,0.9251891434315644,0.6956521739130435
SPEC_five_angry.png,angry,five,0.6659965081212634,0.358695652173913
SPEC_five_happy.png,happy,five,0.8995291254430983,0.8152173913043478
SPEC_five_neutral.png,neutral,five,0.9340775620337548,0.9565217391304348
SPEC_five_sad.png,sad,five,0.8745569017512301,0.6195652173913043
SPEC_food_angry.png,angry,food,0.6551505211364478,0.45652173913043476
SPEC_food_happy.png,happy,food,0.8647161525845194,0.8478260869565217
SPEC_food_neutral.png,neutral,food,0.8942384000846516,0.8260869565217391
SPEC_food_sad.png,sad,food,0.8669911644886514,0.6956521739130435
SPEC_gap_angry.png,angry,gap,0.5653140045500238,0.391304347826087
SPEC_gap_happy.png,happy,gap,0.9318554573832073,0.9782608695652174
SPEC_gap_neutral.png,neutral,gap,0.9172530553938946,0.9782608695652174
SPEC_gap_sad.png,sad,gap,0.8201153378128141,0.8152173913043478
SPEC_gas_angry.png,angry,gas,0.501137505952066,0.33695652173913043
SPEC_gas_happy.png,happy,gas,0.9033384477011798,0.6304347826086957
SPEC_gas_neutral.png,neutral,gas,0.8763028411195175,0.8043478260869565
SPEC_gas_sad.png,sad,gas,0.8691603618856145,0.6847826086956522
SPEC_gaze_angry.png,angry,gaze,0.5904449500026453,0.33695652173913043
SPEC_gaze_happy.png,happy,gaze,0.9242368128670441,0.782608695652174
SPEC_gaze_neutral.png,neutral,gaze,0.8802708851383525,0.9782608695652174
SPEC_gaze_sad.png,sad,gaze,0.8514893391884027,0.6956521739130435
SPEC_germ_angry.png,angry,germ,0.5759483625205016,0.33695652173913043
SPEC_germ_happy.png,happy,germ,0.8552986614464843,0.7717391304347826
SPEC_germ_neutral.png,neutral,germ,0.9166710756044655,0.967391304347826
SPEC_germ_sad.png,sad,germ,0.8755621395693349,0.5434782608695652
SPEC_get_angry.png,angry,get,0.5764774350563462,0.33695652173913043
SPEC_get_happy.png,happy,get,0.8929686259986245,0.8152173913043478
SPEC_get_neutral.png,neutral,get,0.8473096661552298,0.8478260869565217
SPEC_get_sad.png,sad,get,0.8849267234537855,0.8260869565217391
SPEC_gin_angry.png,angry,gin,0.7705941484577535,0.5434782608695652
SPEC_gin_happy.png,happy,gin,0.9200571398338713,0.8260869565217391
SPEC_gin_neutral.png,neutral,gin,0.9052431088302206,1.0
SPEC_gin_sad.png,sad,gin,0.9022273953759061,0.6521739130434783
SPEC_goal_angry.png,angry,goal,0.7104915083857997,0.33695652173913043
SPEC_goal_happy.png,happy,goal,0.8734987566795407,0.5543478260869565
SPEC_goal_neutral.png,neutral,goal,0.9464578593725199,1.0
SPEC_goal_sad.png,sad,goal,0.9051902015766361,0.9565217391304348
SPEC_good_angry.png,angry,good,0.7145653669118036,0.33695652173913043
SPEC_good_happy.png,happy,good,0.8772022644304535,0.8152173913043478
SPEC_good_neutral.png,neutral,good,0.8534998148246125,0.9456521739130435
SPEC_good_sad.png,sad,good,0.8283159621184065,0.4782608695652174
SPEC_goose_angry.png,angry,goose,0.6553092428972013,0.4891304347826087
SPEC_goose_happy.png,happy,goose,0.8475212951695678,0.8478260869565217
SPEC_goose_neutral.png,neutral,goose,0.8885773239511137,0.9565217391304348
SPEC_goose_sad.png,sad,goose,0.895084916142003,0.9130434782608695
SPEC_gun_angry.png,angry,gun,0.7591132744299244,0.358695652173913
SPEC_gun_happy.png,happy,gun,0.8923866462091953,0.7717391304347826
SPEC_gun_neutral.png,neutral,gun,0.8931802550129623,0.967391304347826
SPEC_gun_sad.png,sad,gun,0.9326490661869743,0.9347826086956522
SPEC_half_angry.png,angry,half,0.4899740754457436,0.33695652173913043
SPEC_half_happy.png,happy,half,0.8755092323157505,0.6956521739130435
SPEC_half_neutral.png,neutral,half,0.9342362837945083,0.9239130434782609
SPEC_half_sad.png,sad,half,0.877731336966298,0.6521739130434783
SPEC_hall_angry.png,angry,hall,0.5941484577535581,0.33695652173913043
SPEC_hall_happy.png,happy,hall,0.9004814560076186,0.5434782608695652
SPEC_hall_neutral.png,neutral,hall,0.9326490661869743,0.8586956521739131
SPEC_hall_sad.png,sad,hall,0.9186815512406751,0.7282608695652174
SPEC_hash_angry.png,angry,hash,0.6794349505317179,0.33695652173913043
SPEC_hash_happy.png,happy,hash,0.921274006666314,0.7608695652173914
SPEC_hash_neutral.png,neutral,hash,0.897571557060473,0.7717391304347826
SPEC_hash_sad.png,sad,hash,0.9789958203269669,0.9782608695652174
SPEC_hate_angry.png,angry,hate,0.6423998730225914,0.33695652173913043
SPEC_hate_happy.png,happy,hate,0.9292100947039839,0.6956521739130435
SPEC_hate_neutral.png,neutral,hate,0.8860377757790593,0.9565217391304348
SPEC_hate_sad.png,sad,hate,0.933178138722819,0.6413043478260869
SPEC_have_angry.png,angry,have,0.5180149198455108,0.33695652173913043
SPEC_have_happy.png,happy,have,0.9375694407703296,0.7391304347826086
SPEC_have_neutral.png,neutral,have,0.91968678905878,0.9021739130434783
SPEC_have_sad.png,sad,have,0.9293159092111528,0.6413043478260869
SPEC_haze_angry.png,angry,haze,0.616951484048463,0.33695652173913043
SPEC_haze_happy.png,happy,haze,0.9202687688482091,0.8260869565217391
SPEC_haze_neutral.png,neutral,haze,0.9446590127506481,1.0
SPEC_haze_sad.png,sad,haze,0.9109041849637586,0.7934782608695652
SPEC_hire_angry.png,angry,hire,0.5630918998994763,0.33695652173913043
SPEC_hire_happy.png,happy,hire,0.8964075974816148,0.5217391304347826
SPEC_hire_neutral.png,neutral,hire,0.929897889000582,0.9456521739130435
SPEC_hire_sad.png,sad,hire,0.8371514734670124,0.5543478260869565
SPEC_hit_angry.png,angry,hit,0.729696841436961,0.3804347826086957
SPEC_hit_happy.png,happy,hit,0.9162478175757897,0.6847826086956522
SPEC_hit_neutral.png,neutral,hit,0.9486799640230675,0.9239130434782609
SPEC_hit_sad.png,sad,hit,0.9150838579969314,0.6413043478260869
SPEC_hole_angry.png,angry,hole,0.6057880535421406,0.358695652173913
SPEC_hole_happy.png,happy,hole,0.9043965927728692,0.5760869565217391
SPEC_hole_neutral.png,neutral,hole,0.9733876514470133,0.9456521739130435
SPEC_hole_sad.png,sad,hole,0.9228083170202634,0.7717391304347826
SPEC_home_angry.png,angry,home,0.6438812761229564,0.33695652173913043
SPEC_home_happy.png,happy,home,0.8208031321094121,0.5760869565217391
SPEC_home_neutral.png,neutral,home,0.9570922173429978,1.0
SPEC_home_sad.png,sad,home,1.0,0.9456521739130435
SPEC_hurl_angry.png,angry,hurl,0.5679064599756627,0.33695652173913043
SPEC_hurl_happy.png,happy,hurl,0.8409607957250939,0.6304347826086957
SPEC_hurl_neutral.png,neutral,hurl,0.9502671816306015,0.9782608695652174
SPEC_hurl_sad.png,sad,hurl,0.9794190783556426,0.8586956521739131
SPEC_hush_angry.png,angry,hush,0.5840431723189249,0.33695652173913043
SPEC_hush_happy.png,happy,hush,0.9229670387810169,0.7608695652173914
SPEC_hush_neutral.png,neutral,hush,0.8903232633194011,0.8804347826086957
SPEC_hush_sad.png,sad,hush,0.8522829479921697,0.75
SPEC_jail_angry.png,angry,jail,0.6855192846939315,0.44565217391304346
SPEC_jail_happy.png,happy,jail,0.8569916935611872,0.7391304347826086
SPEC_jail_neutral.png,neutral,jail,0.914819321729009,0.9565217391304348
SPEC_jail_sad.png,sad,jail,0.9193693455372731,0.9891304347826086
SPEC_jar_angry.png,angry,jar,0.7221840114279667,0.391304347826087
SPEC_jar_happy.png,happy,jar,0.9484683350087297,0.8478260869565217
SPEC_jar_neutral.png,neutral,jar,0.9570393100894132,0.9782608695652174
SPEC_jar_sad.png,sad,jar,0.9176234061689859,0.9565217391304348
SPEC_join_angry.png,angry,join,0.6092799322787154,0.33695652173913043
SPEC_join_happy.png,happy,join,0.9006401777683721,0.967391304347826
SPEC_join_neutral.png,neutral,join,0.8934976985344691,0.8586956521739131
SPEC_join_sad.png,sad,join,0.8443468599544999,0.5217391304347826
SPEC_judge_angry.png,angry,judge,0.6193852177133485,0.33695652173913043
SPEC_judge_happy.png,happy,judge,0.8816993809851331,0.75
SPEC_judge_neutral.png,neutral,judge,0.8841331146500185,0.8695652173913043
SPEC_judge_sad.png,sad,judge,0.8633934712449077,0.5760869565217391
SPEC_jug_angry.png,angry,jug,0.768266229300037,0.3804347826086957
SPEC_jug_happy.png,happy,jug,0.9271996190677743,0.7065217391304348
SPEC_jug_neutral.png,neutral,jug,0.9119094227818634,0.9891304347826086
SPEC_jug_sad.png,sad,jug,0.8813290302100418,0.717391304347826
SPEC_juice_angry.png,angry,juice,0.7055182265488599,0.4891304347826087
SPEC_juice_happy.png,happy,juice,0.8608010158192688,0.6521739130434783
SPEC_juice_neutral.png,neutral,juice,0.8497963070736999,0.9456521739130435
SPEC_juice_sad.png,sad,juice,0.909475689116978,0.7282608695652174
SPEC_keen_angry.png,angry,keen,0.6908100100523782,0.6195652173913043
SPEC_keen_happy.png,happy,keen,0.8843976509179409,0.9130434782608695
SPEC_keen_neutral.png,neutral,keen,0.9424369081001005,0.9782608695652174
SPEC_keen_sad.png,sad,keen,0.8571504153219407,0.8913043478260869
SPEC_keep_angry.png,angry,keep,0.6702819956616053,0.43478260869565216
SPEC_keep_happy.png,happy,keep,0.8127612295645733,0.6739130434782609
SPEC_keep_neutral.png,neutral,keep,0.9300566107613354,1.0
SPEC_keep_sad.png,sad,keep,0.7748796359980954,0.532608695652174
SPEC_keg_angry.png,angry,keg,0.5440452886090683,0.33695652173913043
SPEC_keg_happy.png,happy,keg,0.8935506057880536,0.8804347826086957
SPEC_keg_neutral.png,neutral,keg,0.9367758319665627,0.8369565217391305
SPEC_keg_sad.png,sad,keg,0.8775726152055447,0.6195652173913043
SPEC_kick_angry.png,angry,kick,0.5683826252579228,0.33695652173913043
SPEC_kick_happy.png,happy,kick,0.862070789905296,0.7391304347826086
SPEC_kick_neutral.png,neutral,kick,0.8801650706311835,0.9130434782608695
SPEC_kick_sad.png,sad,kick,0.8703772287180572,0.7608695652173914
SPEC_kill_angry.png,angry,kill,0.6036188561451775,0.358695652173913
SPEC_kill_happy.png,happy,kill,0.8594254272260726,0.6956521739130435
SPEC_kill_neutral.png,neutral,kill,0.8994762181895137,0.9021739130434783
SPEC_kill_sad.png,sad,kill,0.8747156235119835,0.7608695652173914
SPEC_king_angry.png,angry,king,0.6823448494788635,0.3804347826086957
SPEC_king_happy.png,happy,king,0.8457224485476958,0.8152173913043478
SPEC_king_neutral.png,neutral,king,0.8850854452145389,0.9565217391304348
SPEC_king_sad.png,sad,king,0.888947674726205,0.8913043478260869
SPEC_kite_angry.png,angry,kite,0.7376858367282154,0.44565217391304346
SPEC_kite_happy.png,happy,kite,0.8564097137717581,0.5652173913043478
SPEC_kite_neutral.png,neutral,kite,0.8933389767737157,0.9239130434782609
SPEC_kite_sad.png,sad,kite,0.9292630019575684,0.8913043478260869
SPEC_knock_angry.png,angry,knock,0.6543569123326808,0.33695652173913043
SPEC_knock_happy.png,happy,knock,0.9508491614200307,0.7282608695652174
SPEC_knock_neutral.png,neutral,knock,0.9586794349505318,0.9347826086956522
SPEC_knock_sad.png,sad,knock,0.9703190307391144,0.8804347826086957
SPEC_late_angry.png,angry,late,0.6256282736363156,0.358695652173913
SPEC_late_happy.png,happy,late,0.9604253743188191,0.9347826086956522
SPEC_late_neutral.png,neutral,late,0.904714036294376,0.9130434782608695
SPEC_late_sad.png,sad,late,0.9688905348923337,0.6956521739130435
SPEC_laud_angry.png,angry,laud,0.6877413893444791,0.4673913043478261
SPEC_laud_happy.png,happy,laud,0.9375694407703296,0.7282608695652174
SPEC_laud_neutral.png,neutral,laud,0.931590921115285,0.9782608695652174
SPEC_laud_sad.png,sad,laud,0.9410084122533199,0.9130434782608695
SPEC_lean_angry.png,angry,lean,0.6363684461139623,0.5434782608695652
SPEC_lean_happy.png,happy,lean,0.9307973123115179,0.8478260869565217
SPEC_lean_neutral.png,neutral,lean,0.9495264800804191,1.0
SPEC_lean_sad.png,sad,lean,0.9302682397756733,0.6413043478260869
SPEC_learn_angry.png,angry,learn,0.6164224115126183,0.33695652173913043
SPEC_learn_happy.png,happy,learn,0.8934447912808846,0.7391304347826086
SPEC_learn_neutral.png,neutral,learn,0.9281519496322946,0.9565217391304348
SPEC_learn_sad.png,sad,learn,0.9374107190095763,0.6739130434782609
SPEC_lease_angry.png,angry,lease,0.5884873816200201,0.33695652173913043
SPEC_lease_happy.png,happy,lease,0.9240780911062907,0.782608695652174
SPEC_lease_neutral.png,neutral,lease,0.904608221787207,0.8478260869565217
SPEC_lease_sad.png,sad,lease,0.8730754986508651,0.391304347826087
SPEC_lid_angry.png,angry,lid,0.5651552827892704,0.33695652173913043
SPEC_lid_happy.png,happy,lid,0.9624358499550288,0.8043478260869565
SPEC_lid_neutral.png,neutral,lid,0.9068303264377546,0.9456521739130435
SPEC_lid_sad.png,sad,lid,0.8865139410613195,0.7717391304347826
SPEC_life_angry.png,angry,life,0.540606317126078,0.33695652173913043
SPEC_life_happy.png,happy,life,0.9092111528490556,0.8043478260869565
SPEC_life_neutral.png,neutral,life,0.9277286916036189,0.9891304347826086
SPEC_life_sad.png,sad,life,0.9277815988572033,0.8369565217391305
SPEC_limb_angry.png,angry,limb,0.7063118353526269,0.33695652173913043
SPEC_limb_happy.png,happy,limb,0.9600021162901434,0.8913043478260869
SPEC_limb_neutral.png,neutral,limb,0.9592614147399608,0.9782608695652174
SPEC_limb_sad.png,sad,limb,0.9243426273742129,0.7608695652173914
SPEC_live_angry.png,angry,live,0.5541505740437014,0.33695652173913043
SPEC_live_happy.png,happy,live,0.8977831860748109,0.75
SPEC_live_neutral.png,neutral,live,0.937040368234485,0.9891304347826086
SPEC_live_sad.png,sad,live,0.9439183112004655,0.6086956521739131
SPEC_loaf_angry.png,angry,loaf,0.5513993968573091,0.33695652173913043
SPEC_loaf_happy.png,happy,loaf,0.8879953441616846,0.6630434782608695
SPEC_loaf_neutral.png,neutral,loaf,0.9040791492513623,0.9891304347826086
SPEC_loaf_sad.png,sad,loaf,0.8833395058462515,0.6739130434782609
SPEC_long_angry.png,angry,long,0.651076662610444,0.33695652173913043
SPEC_long_happy.png,happy,long,0.9479392624728851,0.6413043478260869
SPEC_long_neutral.png,neutral,long,0.9289984656896461,0.9456521739130435
SPEC_long_sad.png,sad,long,0.8963546902280303,0.5760869565217391
SPEC_lore_angry.png,angry,lore,0.6193852177133485,0.33695652173913043
SPEC_lore_happy.png,happy,lore,0.8820697317602244,0.5
SPEC_lore_neutral.png,neutral,lore,0.9649753981270833,1.0
SPEC_lore_sad.png,sad,lore,0.9702661234855299,0.6630434782608695
SPEC_lose_angry.png,angry,lose,0.6009205862123698,0.358695652173913
SPEC_lose_happy.png,happy,lose,0.816464737315486,0.7065217391304348
SPEC_lose_neutral.png,neutral,lose,0.9032855404475953,1.0
SPEC_lose_sad.png,sad,lose,0.9072535844664303,0.5978260869565217
SPEC_lot_angry.png,angry,lot,0.5774297656208667,0.33695652173913043
SPEC_lot_happy.png,happy,lot,0.9468811174011957,0.6847826086956522
SPEC_lot_neutral.png,neutral,lot,0.932172900904714,0.967391304347826
SPEC_lot_sad.png,sad,lot,0.9416962065499179,0.8804347826086957
SPEC_love_angry.png,angry,love,0.6197026612348553,0.33695652173913043
SPEC_love_happy.png,happy,love,0.9204274906089626,0.42391304347826086
SPEC_love_neutral.png,neutral,love,0.9403735252103063,0.967391304347826
SPEC_love_sad.png,sad,love,0.918787365747844,0.6739130434782609
SPEC_luck_angry.png,angry,luck,0.7285328818581028,0.40217391304347827
SPEC_luck_happy.png,happy,luck,0.8855087032432146,0.6630434782608695
SPEC_luck_neutral.png,neutral,luck,0.9120681445426169,0.9456521739130435
SPEC_luck_sad.png,sad,luck,0.9081001005237818,0.717391304347826
SPEC_make_angry.png,angry,make,0.5734617216020316,0.33695652173913043
SPEC_make_happy.png,happy,make,0.8344532035342046,0.5
SPEC_make_neutral.png,neutral,make,0.9099518543992381,0.9130434782608695
SPEC_make_sad.png,sad,make,0.8767790064017776,0.5217391304347826
SPEC_match_angry.png,angry,match,0.47838738691074545,0.33695652173913043
SPEC_match_happy.png,happy,match,0.9622242209406909,0.6630434782608695
SPEC_match_neutral.png,neutral,match,0.9403735252103063,0.9456521739130435
SPEC_match_sad.png,sad,match,0.9396328236601238,0.8478260869565217
SPEC_merge_angry.png,angry,merge,0.6590127506481138,0.33695652173913043
SPEC_merge_happy.png,happy,merge,0.9449764562721549,0.7934782608695652
SPEC_merge_neutral.png,neutral,merge,0.9770911591979261,0.9891304347826086
SPEC_merge_sad.png,sad,merge,0.9557695360033861,0.75
SPEC_mess_angry.png,angry,mess,0.6226654674355855,0.33695652173913043
SPEC_mess_happy.png,happy,mess,0.9452409925400772,0.5434782608695652
SPEC_mess_neutral.png,neutral,mess,0.8956139886778477,0.9456521739130435
SPEC_mess_sad.png,sad,mess,0.9075181207343527,0.7391304347826086
SPEC_met_angry.png,angry,met,0.658801121633776,0.391304347826087
SPEC_met_happy.png,happy,met,0.9256653087138247,0.6847826086956522
SPEC_met_neutral.png,neutral,met,0.9417491138035025,0.9782608695652174
SPEC_met_sad.png,sad,met,0.9493148510660812,0.6739130434782609
SPEC_mill_angry.png,angry,mill,0.6575313475477489,0.33695652173913043
SPEC_mill_happy.png,happy,mill,0.9569864028358287,0.8804347826086957
SPEC_mill_neutral.png,neutral,mill,0.9497381090947569,0.967391304347826
SPEC_mill_sad.png,sad,mill,0.9485212422623142,0.8478260869565217
SPEC_mob_angry.png,angry,mob,0.613882863340564,0.33695652173913043
SPEC_mob_happy.png,happy,mob,0.8976773715676419,0.5652173913043478
SPEC_mob_neutral.png,neutral,mob,0.9307444050579335,0.9347826086956522
SPEC_mob_sad.png,sad,mob,0.9229670387810169,0.5434782608695652
SPEC_mode_angry.png,angry,mode,0.7123961695148405,0.3804347826086957
SPEC_mode_happy.png,happy,mode,0.974604518279456,0.9239130434782609
SPEC_mode_neutral.png,neutral,mode,0.9652399343950055,0.9239130434782609
SPEC_mode_sad.png,sad,mode,0.9571980318501667,0.8369565217391305
SPEC_mood_angry.png,angry,mood,0.6999629649224909,0.41304347826086957
SPEC_mood_happy.png,happy,mood,0.7956721866567907,0.5543478260869565
SPEC_mood_neutral.png,neutral,mood,0.9416432992963335,1.0
SPEC_mood_sad.png,sad,mood,0.8748743452727369,0.5108695652173914
SPEC_moon_angry.png,angry,moon,0.7592719961906776,0.44565217391304346
SPEC_moon_happy.png,happy,moon,0.8650865033596107,0.8586956521739131
SPEC_moon_neutral.png,neutral,moon,0.9496322945875879,1.0
SPEC_moon_sad.png,sad,moon,0.9619067774191842,0.8043478260869565
SPEC_mop_angry.png,angry,mop,0.5675890164541559,0.33695652173913043
SPEC_mop_happy.png,happy,mop,0.8868313845828263,0.7282608695652174
SPEC_mop_neutral.png,neutral,mop,0.9482037987408074,1.0
SPEC_mop_sad.png,sad,mop,0.8172054388656684,0.5760869565217391
SPEC_mouse_angry.png,angry,mouse,0.5578011745410295,0.33695652173913043
SPEC_mouse_happy.png,happy,mouse,0.8120734352679752,0.5543478260869565
SPEC_mouse_neutral.png,neutral,mouse,0.9346595418231839,0.9782608695652174
SPEC_mouse_sad.png,sad,mouse,0.7795883815671129,0.5108695652173914
SPEC_nag_angry.png,angry,nag,0.5975345219829639,0.33695652173913043
SPEC_nag_happy.png,happy,nag,0.9695783291889318,0.7282608695652174
SPEC_nag_neutral.png,neutral,nag,0.9596846727686366,0.9891304347826086
SPEC_nag_sad.png,sad,nag,0.927517062589281,0.5760869565217391
SPEC_name_angry.png,angry,name,0.5482249616422411,0.33695652173913043
SPEC_name_happy.png,happy,name,0.9602666525580656,0.7282608695652174
SPEC_name_neutral.png,neutral,name,0.9096873181313158,0.9021739130434783
SPEC_name_sad.png,sad,name,0.8901645415586477,0.6739130434782609
SPEC_near_angry.png,angry,near,0.5693349558224432,0.33695652173913043
SPEC_near_happy.png,happy,near,0.9488915930374054,0.8913043478260869
SPEC_near_neutral.png,neutral,near,0.931485106608116,0.9891304347826086
SPEC_near_sad.png,sad,near,0.8749801597799058,0.6304347826086957
SPEC_neat_angry.png,angry,neat,0.4861118459340776,0.33695652173913043
SPEC_neat_happy.png,happy,neat,0.8951907306491721,0.6195652173913043
SPEC_neat_neutral.png,neutral,neat,0.9404793397174752,0.967391304347826
SPEC_neat_sad.png,sad,neat,0.9267763610390984,0.6521739130434783
SPEC_nice_angry.png,angry,nice,0.5889635469022804,0.358695652173913
SPEC_nice_happy.png,happy,nice,0.9025448388974129,0.6304347826086957
SPEC_nice_neutral.png,neutral,nice,0.96529284164859,0.9782608695652174
SPEC_nice_sad.png,sad,nice,0.9253478651923178,0.75
SPEC_note_angry.png,angry,note,0.58552457541929,0.33695652173913043
SPEC_note_happy.png,happy,note,0.9754510343368076,0.6739130434782609
SPEC_note_neutral.png,neutral,note,0.9301624252685042,1.0
SPEC_note_sad.png,sad,note,0.9339717475265858,0.6086956521739131
SPEC_numb_angry.png,angry,numb,0.5339400031744352,0.33695652173913043
SPEC_numb_happy.png,happy,numb,0.9624358499550288,0.7608695652173914
SPEC_numb_neutral.png,neutral,numb,0.9726469498968308,1.0
SPEC_numb_sad.png,sad,numb,0.9103751124279139,0.5978260869565217
SPEC_pad_angry.png,angry,pad,0.6830855510290461,0.33695652173913043
SPEC_pad_happy.png,happy,pad,0.7496428760383049,0.5978260869565217
SPEC_pad_neutral.png,neutral,pad,0.9351357071054442,0.9565217391304348
SPEC_pad_sad.png,sad,pad,0.6676895402359664,0.5108695652173914
SPEC_page_angry.png,angry,page,0.6474789693667001,0.33695652173913043
SPEC_page_happy.png,happy,page,0.616052060737527,0.5434782608695652
SPEC_page_neutral.png,neutral,page,0.9355060578805354,0.9782608695652174
SPEC_page_sad.png,sad,page,0.6311306280091,0.5760869565217391
SPEC_pain_angry.png,angry,pain,0.5852071318977833,0.33695652173913043
SPEC_pain_happy.png,happy,pain,0.6040950214274378,0.5543478260869565
SPEC_pain_neutral.png,neutral,pain,0.9105867414422518,0.9782608695652174
SPEC_pain_sad.png,sad,pain,0.8579969313792921,0.6195652173913043
SPEC_pass_angry.png,angry,pass,0.6916036188561452,0.33695652173913043
SPEC_pass_happy.png,happy,pass,0.7845616634040526,0.6956521739130435
SPEC_pass_neutral.png,neutral,pass,0.8854557959896302,0.967391304347826
SPEC_pass_sad.png,sad,pass,0.7932913602454896,0.4673913043478261
SPEC_pearl_angry.png,angry,pearl,0.6346225067456748,0.33695652173913043
SPEC_pearl_happy.png,happy,pearl,0.5857362044336278,0.5543478260869565
SPEC_pearl_neutral.png,neutral,pearl,0.901433786572139,0.967391304347826
SPEC_pearl_sad.png,sad,pearl,0.8262525792286123,0.4782608695652174
SPEC_peg_angry.png,angry,peg,0.6229829109570922,0.358695652173913
SPEC_peg_happy.png,happy,peg,0.7180572456483784,0.5434782608695652
SPEC_peg_neutral.png,neutral,peg,0.9057721813660653,0.9347826086956522
SPEC_peg_sad.png,sad,peg,0.7151473467012327,0.5217391304347826
SPEC_perch_angry.png,angry,perch,0.5528278927040897,0.33695652173913043
SPEC_perch_happy.png,happy,perch,0.5834082852759113,0.5434782608695652
SPEC_perch_neutral.png,neutral,perch,0.8740278292153855,0.9782608695652174
SPEC_perch_sad.png,sad,perch,0.8333950584625153,0.5543478260869565
SPEC_phone_angry.png,angry,phone,0.6760488863023121,0.3804347826086957
SPEC_phone_happy.png,happy,phone,0.8607481085656843,0.782608695652174
SPEC_phone_neutral.png,neutral,phone,0.9169885191259721,0.967391304347826
SPEC_phone_sad.png,sad,phone,0.8171525316120841,0.532608695652174
SPEC_pick_angry.png,angry,pick,0.5942542722607269,0.33695652173913043
SPEC_pick_happy.png,happy,pick,0.7181101529019629,0.6739130434782609
SPEC_pick_neutral.png,neutral,pick,0.9177821279297391,0.9782608695652174
SPEC_pick_sad.png,sad,pick,0.7065234643669647,0.7282608695652174
SPEC_pike_angry.png,angry,pike,0.5962647478969366,0.358695652173913
SPEC_pike_happy.png,happy,pike,0.730596264747897,0.6195652173913043
SPEC_pike_neutral.png,neutral,pike,0.9289984656896461,1.0
SPEC_pike_sad.png,sad,pike,0.7183217819163008,0.5108695652173914
SPEC_pole_angry.png,angry,pole,0.6707581609438654,0.33695652173913043
SPEC_pole_happy.png,happy,pole,0.7550394159039204,0.5978260869565217
SPEC_pole_neutral.png,neutral,pole,0.9018570446008148,0.9239130434782609
SPEC_pole_sad.png,sad,pole,0.8774668006983758,0.7065217391304348
SPEC_pool_angry.png,angry,pool,0.673191894608751,0.33695652173913043
SPEC_pool_happy.png,happy,pool,0.8251944341569228,0.6956521739130435
SPEC_pool_neutral.png,neutral,pool,0.9040791492513623,1.0
SPEC_pool_sad.png,sad,pool,0.8650335961060261,0.5
SPEC_puff_angry.png,angry,puff,0.6283265435691233,0.33695652173913043
SPEC_puff_happy.png,happy,puff,0.8852441669752924,0.7282608695652174
SPEC_puff_neutral.png,neutral,puff,0.9242368128670441,0.967391304347826
SPEC_puff_sad.png,sad,puff,0.7240357653034232,0.5652173913043478
SPEC_rag_angry.png,angry,rag,0.6439870906301254,0.3695652173913043
SPEC_rag_happy.png,happy,rag,0.8892122109941273,0.5978260869565217
SPEC_rag_neutral.png,neutral,rag,0.9434950531717899,0.9130434782608695
SPEC_rag_sad.png,sad,rag,0.9346066345695995,0.9456521739130435
SPEC_raid_angry.png,angry,raid,0.7012327390085181,0.33695652173913043
SPEC_raid_happy.png,happy,raid,0.9260885667425004,0.6630434782608695
SPEC_raid_neutral.png,neutral,raid,0.9491561293053278,1.0
SPEC_raid_sad.png,sad,raid,0.9028622824189196,0.717391304347826
SPEC_rain_angry.png,angry,rain,0.620813713560129,0.3695652173913043
SPEC_rain_happy.png,happy,rain,0.9177821279297391,0.782608695652174
SPEC_rain_neutral.png,neutral,rain,0.9414845775355801,1.0
SPEC_rain_sad.png,sad,rain,0.9750277763081319,0.782608695652174
SPEC_raise_angry.png,angry,raise,0.6332469181524787,0.358695652173913
SPEC_raise_happy.png,happy,raise,0.9101105761599916,0.5434782608695652
SPEC_raise_neutral.png,neutral,raise,0.9458758795830908,1.0
SPEC_raise_sad.png,sad,raise,0.8712237447754088,0.6739130434782609
SPEC_rat_angry.png,angry,rat,0.6330881963917253,0.33695652173913043
SPEC_rat_happy.png,happy,rat,0.8667266282207291,0.532608695652174
SPEC_rat_neutral.png,neutral,rat,0.9248187926564733,0.9782608695652174
SPEC_rat_sad.png,sad,rat,0.84482302523676,0.4673913043478261
SPEC_reach_angry.png,angry,reach,0.662769165652611,0.43478260869565216
SPEC_reach_happy.png,happy,reach,0.8699010634357971,0.7065217391304348
SPEC_reach_neutral.png,neutral,reach,0.8903232633194011,0.9782608695652174
SPEC_reach_sad.png,sad,reach,0.8846092799322788,0.6521739130434783
SPEC_read_angry.png,angry,read,0.7167345643087667,0.44565217391304346
SPEC_read_happy.png,happy,read,0.9243955346277974,0.9891304347826086
SPEC_read_neutral.png,neutral,read,0.9675149462991377,1.0
SPEC_read_sad.png,sad,read,0.9489974075445743,0.75
SPEC_red_angry.png,angry,red,0.6459446590127507,0.33695652173913043
SPEC_red_happy.png,happy,red,0.9619596846727687,0.6956521739130435
SPEC_red_neutral.png,neutral,red,0.8756150468229195,0.7282608695652174
SPEC_red_sad.png,sad,red,0.9151896725041003,0.7282608695652174
SPEC_ring_angry.png,angry,ring,0.5817152531612084,0.33695652173913043
SPEC_ring_happy.png,happy,ring,0.9178350351833237,0.6413043478260869
SPEC_ring_neutral.png,neutral,ring,0.9401618961959685,0.967391304347826
SPEC_ring_sad.png,sad,ring,0.903920427490609,0.6956521739130435
SPEC_ripe_angry.png,angry,ripe,0.5873234220411618,0.33695652173913043
SPEC_ripe_happy.png,happy,ripe,0.945770065075922,0.7717391304347826
SPEC_ripe_neutral.png,neutral,ripe,0.9407438759853975,0.9456521739130435
SPEC_ripe_sad.png,sad,ripe,0.8834982276070049,0.6739130434782609
SPEC_road_angry.png,angry,road,0.5909211152849055,0.358695652173913
SPEC_road_happy.png,happy,road,0.955981165017724,0.9130434782608695
SPEC_road_neutral.png,neutral,road,0.9166710756044655,0.8152173913043478
SPEC_road_sad.png,sad,road,0.8829162478175758,0.5869565217391305
SPEC_room_angry.png,angry,room,0.6310777207555156,0.43478260869565216
SPEC_room_happy.png,happy,room,0.9019099518543993,0.9130434782608695
SPEC_room_neutral.png,neutral,room,0.9440241257076345,0.9891304347826086
SPEC_room_sad.png,sad,room,0.935347336119782,0.7391304347826086
SPEC_rose_angry.png,angry,rose,0.5443098248769905,0.33695652173913043
SPEC_rose_happy.png,happy,rose,0.9070419554520925,0.6413043478260869
SPEC_rose_neutral.png,neutral,rose,0.8938680493095604,0.7282608695652174
SPEC_rose_sad.png,sad,rose,0.9185228294799217,0.717391304347826
SPEC_rot_angry.png,angry,rot,0.5567959367229247,0.33695652173913043
SPEC_rot_happy.png,happy,rot,0.9271467118141897,0.6847826086956522
SPEC_rot_neutral.png,neutral,rot,0.9544997619173589,1.0
SPEC_rot_sad.png,sad,rot,0.8729696841436961,0.5543478260869565
SPEC_rough_angry.png,angry,rough,0.5921908893709328,0.3804347826086957
SPEC_rough_happy.png,happy,rough,0.9185228294799217,0.7608695652173914
SPEC_rough_neutral.png,neutral,rough,0.9191048092693509,0.8804347826086957
SPEC_rough_sad.png,sad,rough,0.8498492143272842,0.5760869565217391
SPEC_rush_angry.png,angry,rush,0.5390720067721285,0.33695652173913043
SPEC_rush_happy.png,happy,rush,0.9332839532299879,0.5869565217391305
SPEC_rush_neutral.png,neutral,rush,0.9219088937093275,0.8804347826086957
SPEC_rush_sad.png,sad,rush,0.8697952489286281,0.5543478260869565
SPEC_said_angry.png,angry,said,0.7390614253214116,0.3804347826086957
SPEC_said_happy.png,happy,said,0.860589386804931,0.5978260869565217
SPEC_said_neutral.png,neutral,said,0.9243955346277974,0.9239130434782609
SPEC_said_sad.png,sad,said,0.8417014972752764,0.40217391304347827
SPEC_sail_angry.png,angry,sail,0.6313951642770224,0.33695652173913043
SPEC_sail_happy.png,happy,sail,0.9682556478493202,0.717391304347826
SPEC_sail_neutral.png,neutral,sail,0.9067245119305858,0.9239130434782609
SPEC_sail_sad.png,sad,sail,0.8876249933865933,0.532608695652174
SPEC_search_angry.png,angry,search,0.5513993968573091,0.33695652173913043
SPEC_search_happy.png,happy,search,0.9239193693455373,0.7391304347826086
SPEC_search_neutral.png,neutral,search,0.936140944923549,1.0
SPEC_search_sad.png,sad,search,0.9069361409449236,0.6521739130434783
SPEC_seize_angry.png,angry,seize,0.5540447595365324,0.42391304347826086
SPEC_seize_happy.png,happy,seize,0.9119094227818634,0.8804347826086957
SPEC_seize_neutral.png,neutral,seize,0.916618168350881,0.9782608695652174
SPEC_seize_sad.png,sad,seize,0.9550288344532036,0.8586956521739131
SPEC_sell_angry.png,angry,sell,0.6836146235648908,0.33695652173913043
SPEC_sell_happy.png,happy,sell,0.9120152372890323,0.6086956521739131
SPEC_sell_neutral.png,neutral,sell,0.9221205227236654,0.9456521739130435
SPEC_sell_sad.png,sad,sell,0.9045553145336225,0.8260869565217391
SPEC_shack_angry.png,angry,shack,0.5847309666155229,0.33695652173913043
SPEC_shack_happy.png,happy,shack,0.9133908258822285,0.5108695652173914
SPEC_shack_neutral.png,neutral,shack,0.9032855404475953,0.9347826086956522
SPEC_shack_sad.png,sad,shack,0.9141844346859954,0.532608695652174
SPEC_shall_angry.png,angry,shall,0.6288027088513835,0.33695652173913043
SPEC_shall_happy.png,happy,shall,0.9478334479657161,0.8369565217391305
SPEC_shall_neutral.png,neutral,shall,0.8866726628220729,0.7282608695652174
SPEC_shall_sad.png,sad,shall,0.9201100470874557,0.6847826086956522
SPEC_shawl_angry.png,angry,shawl,0.7546161578752447,0.33695652173913043
SPEC_shawl_happy.png,happy,shawl,0.9541294111422676,0.6739130434782609
SPEC_shawl_neutral.png,neutral,shawl,0.9938098513306174,1.0
SPEC_shawl_sad.png,sad,shawl,0.9241309983598751,0.6847826086956522
SPEC_sheep_angry.png,angry,sheep,0.5036770541241204,0.33695652173913043
SPEC_sheep_happy.png,happy,sheep,0.9285752076609703,0.8152173913043478
SPEC_sheep_neutral.png,neutral,sheep,0.9604782815724037,1.0
SPEC_sheep_sad.png,sad,sheep,0.9374636262631606,0.8913043478260869
SPEC_shirt_angry.png,angry,shirt,0.6283265435691233,0.33695652173913043
SPEC_shirt_happy.png,happy,shirt,0.9767208084228348,0.6847826086956522
SPEC_shirt_neutral.png,neutral,shirt,0.9469869319083647,0.9782608695652174
SPEC_shirt_sad.png,sad,shirt,0.9232315750489393,0.6304347826086957
SPEC_should_angry.png,angry,should,0.5723506692767578,0.33695652173913043
SPEC_should_happy.png,happy,should,0.9641817893233162,0.7282608695652174
SPEC_should_neutral.png,neutral,should,0.9211152849055606,0.9891304347826086
SPEC_should_sad.png,sad,should,0.9254536796994868,0.5978260869565217
SPEC_shout_angry.png,angry,shout,0.666631395164277,0.33695652173913043
SPEC_shout_happy.png,happy,shout,0.8823342680281467,0.6739130434782609
SPEC_shout_neutral.png,neutral,shout,0.9719591556002328,0.9239130434782609
SPEC_shout_sad.png,sad,shout,0.8901645415586477,0.6413043478260869
SPEC_size_angry.png,angry,size,0.6423998730225914,0.33695652173913043
SPEC_size_happy.png,happy,size,0.8978360933283953,0.8152173913043478
SPEC_size_neutral.png,neutral,size,0.9316967356224539,0.9565217391304348
SPEC_size_sad.png,sad,size,0.859002169197397,0.5652173913043478
SPEC_soap_angry.png,angry,soap,0.5870588857732395,0.33695652173913043
SPEC_soap_happy.png,happy,soap,0.9590497857256229,0.8152173913043478
SPEC_soap_neutral.png,neutral,soap,0.9175175916618169,0.8804347826086957
SPEC_soap_sad.png,sad,soap,0.8723347971006825,0.532608695652174
SPEC_soup_angry.png,angry,soup,0.5388074705042062,0.358695652173913
SPEC_soup_happy.png,happy,soup,0.7945611343315169,0.6413043478260869
SPEC_soup_neutral.png,neutral,soup,0.8914872228982593,0.9782608695652174
SPEC_soup_sad.png,sad,soup,0.9224908734987567,0.9021739130434783
SPEC_sour_angry.png,angry,sour,0.5759483625205016,0.33695652173913043
SPEC_sour_happy.png,happy,sour,0.9295275382254907,0.6304347826086957
SPEC_sour_neutral.png,neutral,sour,0.9616951484048464,0.9782608695652174
SPEC_sour_sad.png,sad,sour,0.8878366224009312,0.532608695652174
SPEC_south_angry.png,angry,south,0.6654145283318343,0.391304347826087
SPEC_south_happy.png,happy,south,0.9203216761017936,0.6630434782608695
SPEC_south_neutral.png,neutral,south,0.9190519020157664,0.9782608695652174
SPEC_south_sad.png,sad,south,0.936140944923549,0.7717391304347826
SPEC_sub_angry.png,angry,sub,0.6228770964499233,0.33695652173913043
SPEC_sub_happy.png,happy,sub,0.9065128829162478,0.6739130434782609
SPEC_sub_neutral.png,neutral,sub,0.9372519972488228,0.967391304347826
SPEC_sub_sad.png,sad,sub,0.8554573832072377,0.5652173913043478
SPEC_such_angry.png,angry,such,0.593354848949791,0.33695652173913043
SPEC_such_happy.png,happy,such,0.9254536796994868,0.5869565217391305
SPEC_such_neutral.png,neutral,such,0.9287339294217237,0.9239130434782609
SPEC_such_sad.png,sad,such,0.8454579122797735,0.5434782608695652
SPEC_sure_angry.png,angry,sure,0.634410877731337,0.33695652173913043
SPEC_sure_happy.png,happy,sure,0.880217977884768,0.6956521739130435
SPEC_sure_neutral.png,neutral,sure,0.9559282577641395,0.9565217391304348
SPEC_sure_sad.png,sad,sure,0.9500555526162637,0.8043478260869565
SPEC_take_angry.png,angry,take,0.5842548013332628,0.33695652173913043
SPEC_take_happy.png,happy,take,0.7920215861594625,0.5760869565217391
SPEC_take_neutral.png,neutral,take,0.9271996190677743,1.0
SPEC_take_sad.png,sad,take,0.854928310671393,0.5652173913043478
SPEC_talk_angry.png,angry,talk,0.5043648484207185,0.33695652173913043
SPEC_talk_happy.png,happy,talk,0.8750859742870747,0.782608695652174
SPEC_talk_neutral.png,neutral,talk,0.9222792444844188,1.0
SPEC_talk_sad.png,sad,talk,0.8342944817734511,0.5
SPEC_tape_angry.png,angry,tape,0.6322416803343739,0.33695652173913043
SPEC_tape_happy.png,happy,tape,0.9270408973070208,0.8478260869565217
SPEC_tape_neutral.png,neutral,tape,0.8931802550129623,0.8586956521739131
SPEC_tape_sad.png,sad,tape,0.8176286968943443,0.5
SPEC_team_angry.png,angry,team,0.66832442727898,0.40217391304347827
SPEC_team_happy.png,happy,team,0.8964605047351992,0.7717391304347826
SPEC_team_neutral.png,neutral,team,0.9037617057298556,0.9456521739130435
SPEC_team_sad.png,sad,team,0.885773239511137,0.8152173913043478
SPEC_tell_angry.png,angry,tell,0.6089095815036242,0.33695652173913043
SPEC_tell_happy.png,happy,tell,0.8896883762763875,0.6630434782608695
SPEC_tell_neutral.png,neutral,tell,0.894397121845405,0.9130434782608695
SPEC_tell_sad.png,sad,tell,0.8789482037987407,0.4891304347826087
SPEC_thin_angry.png,angry,thin,0.5772181366065288,0.33695652173913043
SPEC_thin_happy.png,happy,thin,0.892809904237871,0.8043478260869565
SPEC_thin_neutral.png,neutral,thin,0.9178350351833237,0.8152173913043478
SPEC_thin_sad.png,sad,thin,0.8528120205280144,0.44565217391304346
SPEC_third_angry.png,angry,third,0.5965821914184435,0.33695652173913043
SPEC_third_happy.png,happy,third,0.8639225437807523,0.6847826086956522
SPEC_third_neutral.png,neutral,third,0.9102692979207448,0.9782608695652174
SPEC_third_sad.png,sad,third,0.8714882810433311,0.6739130434782609
SPEC_thought_angry.png,angry,thought,0.5939897359928046,0.33695652173913043
SPEC_thought_happy.png,happy,thought,0.8877308078937622,0.6304347826086957
SPEC_thought_neutral.png,neutral,thought,0.931590921115285,0.9456521739130435
SPEC_thought_sad.png,sad,thought,0.8594783344796572,0.4782608695652174
SPEC_thumb_angry.png,angry,thumb,0.6181154436273213,0.33695652173913043
SPEC_thumb_happy.png,happy,thumb,0.955081741706788,0.7065217391304348
SPEC_thumb_neutral.png,neutral,thumb,0.9082588222845352,0.9456521739130435
SPEC_thumb_sad.png,sad,thumb,0.9530183588169938,0.782608695652174
SPEC_time_angry.png,angry,time,0.6405481191471352,0.33695652173913043
SPEC_time_happy.png,happy,time,0.9293159092111528,0.8260869565217391
SPEC_time_neutral.png,neutral,time,0.8894238400084652,0.9239130434782609
SPEC_time_sad.png,sad,time,0.819639172530554,0.42391304347826086
SPEC_tip_angry.png,angry,tip,0.6756785355272208,0.40217391304347827
SPEC_tip_happy.png,happy,tip,0.8336066874768531,0.8043478260869565
SPEC_tip_neutral.png,neutral,tip,0.906883233691339,0.9565217391304348
SPEC_tip_sad.png,sad,tip,0.873869107454632,0.8586956521739131
SPEC_tire_angry.png,angry,tire,0.6531929527538225,0.33695652173913043
SPEC_tire_happy.png,happy,tire,0.931485106608116,0.7391304347826086
SPEC_tire_neutral.png,neutral,tire,0.9207978413840539,0.967391304347826
SPEC_tire_sad.png,sad,tire,0.8392677636103909,0.4782608695652174
SPEC_ton_angry.png,angry,ton,0.6807576318713295,0.391304347826087
SPEC_ton_happy.png,happy,ton,0.8982064441034866,0.6630434782608695
SPEC_ton_neutral.png,neutral,ton,0.934553727316015,0.9347826086956522
SPEC_ton_sad.png,sad,ton,0.8573620443362785,0.6521739130434783
SPEC_tool_angry.png,angry,tool,0.7613353790804719,0.3804347826086957
SPEC_tool_happy.png,happy,tool,0.8994233109359293,0.8913043478260869
SPEC_tool_neutral.png,neutral,tool,0.9130733823607217,0.9456521739130435
SPEC_tool_sad.png,sad,tool,0.8443997672080842,0.44565217391304346
SPEC_tough_angry.png,angry,tough,0.6594360086767896,0.33695652173913043
SPEC_tough_happy.png,happy,tough,0.818633934712449,0.5869565217391305
SPEC_tough_neutral.png,neutral,tough,0.9247658854028887,0.9347826086956522
SPEC_tough_sad.png,sad,tough,0.8308026030368764,0.7065217391304348
SPEC_turn_angry.png,angry,turn,0.6534045817681604,0.358695652173913
SPEC_turn_happy.png,happy,turn,0.8587905401830591,0.8043478260869565
SPEC_turn_neutral.png,neutral,turn,0.9207978413840539,0.9130434782608695
SPEC_turn_sad.png,sad,turn,0.86365800751283,0.5760869565217391
SPEC_vine_angry.png,angry,vine,0.6301782974445796,0.33695652173913043
SPEC_vine_happy.png,happy,vine,0.9279932278715411,0.7065217391304348
SPEC_vine_neutral.png,neutral,vine,0.9698428654568542,0.967391304347826
SPEC_vine_sad.png,sad,vine,0.8832336913390826,0.7391304347826086
SPEC_voice_angry.png,angry,voice,0.691815247870483,0.3804347826086957
SPEC_voice_happy.png,happy,voice,0.8952436379027564,0.7717391304347826
SPEC_voice_neutral.png,neutral,voice,0.9061425321411565,0.9782608695652174
SPEC_voice_sad.png,sad,voice,0.8318607481085657,0.532608695652174
SPEC_void_angry.png,angry,void,0.661975556848844,0.33695652173913043
SPEC_void_happy.png,happy,void,0.8758795830908418,0.6304347826086957
SPEC_void_neutral.png,neutral,void,0.8957727104386012,0.9456521739130435
SPEC_void_sad.png,sad,void,0.8778900587270515,0.717391304347826
SPEC_vote_angry.png,angry,vote,0.564308766731919,0.33695652173913043
SPEC_vote_happy.png,happy,vote,0.943389238664621,0.7717391304347826
SPEC_vote_neutral.png,neutral,vote,0.9142902491931644,1.0
SPEC_vote_sad.png,sad,vote,0.8981535368499021,0.6195652173913043
SPEC_wag_angry.png,angry,wag,0.5812919951325327,0.33695652173913043
SPEC_wag_happy.png,happy,wag,0.9129675678535527,0.75
SPEC_wag_neutral.png,neutral,wag,0.9308502195651024,0.8913043478260869
SPEC_wag_sad.png,sad,wag,0.9040791492513623,0.7717391304347826
SPEC_walk_angry.png,angry,walk,0.5665308713824665,0.33695652173913043
SPEC_walk_happy.png,happy,walk,0.8738162002010476,0.5217391304347826
SPEC_walk_neutral.png,neutral,walk,0.9289455584360616,0.967391304347826
SPEC_walk_sad.png,sad,walk,0.8659859266705465,0.5978260869565217
SPEC_wash_angry.png,angry,wash,0.5376435109253478,0.33695652173913043
SPEC_wash_happy.png,happy,wash,0.9099518543992381,0.6195652173913043
SPEC_wash_neutral.png,neutral,wash,0.9232315750489393,0.9347826086956522
SPEC_wash_sad.png,sad,wash,0.9144489709539178,0.6630434782608695
SPEC_week_angry.png,angry,week,0.5925083328924395,0.43478260869565216
SPEC_week_happy.png,happy,week,0.7661499391566584,0.6413043478260869
SPEC_week_neutral.png,neutral,week,0.8875720861330088,1.0
SPEC_week_sad.png,sad,week,0.9045024072800382,0.7608695652173914
SPEC_wheat_angry.png,angry,wheat,0.6044124649489445,0.33695652173913043
SPEC_wheat_happy.png,happy,wheat,0.9315380138617004,0.782608695652174
SPEC_wheat_neutral.png,neutral,wheat,0.9297391672398286,0.8695652173913043
SPEC_wheat_sad.png,sad,wheat,0.8505899158774668,0.358695652173913
SPEC_when_angry.png,angry,when,0.6182212581344902,0.358695652173913
SPEC_when_happy.png,happy,when,0.9370932754880694,0.9239130434782609
SPEC_when_neutral.png,neutral,when,0.9198984180731178,0.9347826086956522
SPEC_when_sad.png,sad,when,0.8398497433998202,0.5543478260869565
SPEC_which_angry.png,angry,which,0.634305063224168,0.33695652173913043
SPEC_which_happy.png,happy,which,0.8823342680281467,0.7282608695652174
SPEC_which_neutral.png,neutral,which,0.9356647796412888,1.0
SPEC_which_sad.png,sad,which,0.9013279720649701,0.7608695652173914
SPEC_whip_angry.png,angry,whip,0.5300777736627692,0.33695652173913043
SPEC_whip_happy.png,happy,whip,0.8864610338077351,0.5978260869565217
SPEC_whip_neutral.png,neutral,whip,0.9343950055552617,0.9565217391304348
SPEC_whip_sad.png,sad,whip,0.9144489709539178,0.7065217391304348
SPEC_white_angry.png,angry,white,0.5269033384477012,0.33695652173913043
SPEC_white_happy.png,happy,white,0.9266176392783451,0.6086956521739131
SPEC_white_neutral.png,neutral,white,0.9348711708375219,0.967391304347826
SPEC_white_sad.png,sad,white,0.9205333051161314,0.4891304347826087
SPEC_wife_angry.png,angry,wife,0.5143643193481826,0.33695652173913043
SPEC_wife_happy.png,happy,wife,0.9497910163483414,0.8152173913043478
SPEC_wife_neutral.png,neutral,wife,0.9183641077191683,0.9565217391304348
SPEC_wife_sad.png,sad,wife,0.9388392148563568,0.7934782608695652
SPEC_wire_angry.png,angry,wire,0.5727739273054336,0.33695652173913043
SPEC_wire_happy.png,happy,wire,0.9097931326384847,0.6847826086956522
SPEC_wire_neutral.png,neutral,wire,0.9366700174593937,0.9565217391304348
SPEC_wire_sad.png,sad,wire,0.9234961113168615,0.6630434782608695
SPEC_witch_angry.png,angry,witch,0.5228823871752817,0.33695652173913043
SPEC_witch_happy.png,happy,witch,0.8996349399502672,0.7282608695652174
SPEC_witch_neutral.png,neutral,witch,0.9258240304745781,1.0
SPEC_witch_sad.png,sad,witch,0.8550341251785619,0.5760869565217391
SPEC_yearn_angry.png,angry,yearn,0.623988148775197,0.33695652173913043
SPEC_yearn_happy.png,happy,yearn,0.9516427702237977,0.7717391304347826
SPEC_yearn_neutral.png,neutral,yearn,0.9450822707793239,0.9347826086956522
SPEC_yearn_sad.png,sad,yearn,0.8613300883551136,0.717391304347826
SPEC_yes_angry.png,angry,yes,0.6081159726998572,0.33695652173913043
SPEC_yes_happy.png,happy,yes,0.9041320565049469,0.6630434782608695
SPEC_yes_neutral.png,neutral,yes,0.9284693931538014,1.0
SPEC_yes_sad.png,sad,yes,0.8964605047351992,0.8804347826086957
SPEC_young_angry.png,angry,young,0.5338341886672663,0.33695652173913043
SPEC_young_happy.png,happy,young,0.8731813131580339,0.6086956521739131
SPEC_young_neutral.png,neutral,young,0.9274641553356966,0.9239130434782609
SPEC_young_sad.png,sad,young,0.8714882810433311,0.45652173913043476
SPEC_youth_angry.png,angry,youth,0.5496005502354373,0.33695652173913043
SPEC_youth_happy.png,happy,youth,0.739325961589334,0.6739130434782609
SPEC_youth_neutral.png,neutral,youth,0.8913814083910905,0.9782608695652174
SPEC_youth_sad.png,sad,youth,0.9613247976297551,0.9347826086956522
